expiryDaysLeft,storageType,quantityKg,donationTimeHour,recipientDemandScore,distanceToRecipientKm,foodCategory,urgencyLevel
,Refrigerated,23.81,22.0,57.0,49.78,Dairy,High
9.0,Frozen,61.11,6.0,21.0,40.3,Dairy,Low
0.0,Refrigerated,66.01,20.0,52.0,22.14,Vegetables,High
7.0,Frozen,81.91,9.0,63.0,23.78,Bakery,Medium
10.0,RoomTemp,21.99,23.0,26.0,22.5,Bakery,Low
11.0,Refrigerated,87.32,1.0,18.0,35.06,,Low
10.0,Frozen,9.75,3.0,16.0,35.6,Bakery,Low
11.0,Frozen,97.92,12.0,10.0,38.64,Meat,Low
7.0,Frozen,83.32,4.0,67.0,26.07,Vegetables,Medium
11.0,Frozen,34.47,7.0,75.0,18.99,Vegetables,Medium
14.0,Refrigerated,75.67,17.0,53.0,13.34,Vegetables,Medium
7.0,Refrigerated,89.06,2.0,54.0,14.76,Vegetables,Medium
12.0,Frozen,58.58,20.0,38.0,18.99,Dairy,Low
1.0,RoomTemp,31.27,19.0,72.0,7.58,Dairy,High
11.0,Refrigerated,44.74,6.0,45.0,28.78,Dairy,Low
0.0,Frozen,60.76,12.0,49.0,33.63,Bakery,High
1.0,RoomTemp,84.08,19.0,,32.37,Vegetables,High
2.0,RoomTemp,66.58,14.0,50.0,10.08,Fruits,High
7.0,Frozen,97.94,1.0,95.0,12.99,Fruits,High
13.0,Refrigerated,22.82,20.0,57.0,36.17,Vegetables,Medium
4.0,RoomTemp,88.57,16.0,97.0,41.59,Bakery,High
13.0,Refrigerated,10.44,16.0,40.0,33.35,Bakery,Low
9.0,Refrigerated,7.58,5.0,19.0,9.33,Bakery,Low
4.0,RoomTemp,39.38,4.0,68.0,0.96,Bakery,Medium
10.0,Frozen,82.19,15.0,74.0,29.52,Dairy,
1.0,Refrigerated,93.61,11.0,89.0,22.34,Bakery,High
4.0,Refrigerated,33.3,23.0,99.0,18.99,PreparedMeals,High
5.0,Frozen,33.37,5.0,15.0,17.28,Bakery,Medium
9.0,Refrigerated,,0.0,29.0,28.21,Fruits,Low
4.0,Frozen,10.4,,84.0,5.24,Bakery,High
14.0,RoomTemp,71.76,22.0,14.0,16.01,Vegetables,Low
11.0,RoomTemp,12.87,0.0,36.0,7.06,Fruits,Low
12.0,Frozen,24.79,13.0,18.0,6.8,Bakery,Low
1.0,Frozen,16.48,19.0,28.0,14.53,Dairy,High
11.0,Frozen,31.54,8.0,29.0,45.84,Meat,Low
4.0,Refrigerated,84.09,19.0,49.0,8.95,Vegetables,Medium
11.0,Refrigerated,24.02,7.0,86.0,3.65,Fruits,High
9.0,Frozen,28.96,23.0,81.0,11.04,Vegetables,High
12.0,Frozen,56.51,22.0,97.0,,Vegetables,High
6.0,Refrigerated,60.31,14.0,10.0,25.27,PreparedMeals,Low
12.0,RoomTemp,51.27,15.0,31.0,,Meat,Low
2.0,Refrigerated,95.56,5.0,33.0,26.16,Bakery,High
2.0,Refrigerated,42.16,6.0,39.0,22.26,Dairy,High
10.0,Refrigerated,49.76,12.0,93.0,0.84,Meat,High
5.0,Frozen,4.85,10.0,87.0,11.65,Bakery,High
3.0,RoomTemp,98.13,15.0,68.0,40.61,Meat,Medium
2.0,RoomTemp,6.4,15.0,81.0,4.86,Vegetables,High
2.0,Refrigerated,47.44,4.0,58.0,6.34,Dairy,High
6.0,RoomTemp,32.02,12.0,96.0,47.33,Dairy,High
13.0,RoomTemp,85.1,22.0,72.0,9.81,Vegetables,Medium
4.0,RoomTemp,12.4,6.0,3.0,40.95,PreparedMeals,Medium
2.0,Refrigerated,67.8,14.0,38.0,48.03,Bakery,High
9.0,RoomTemp,9.53,12.0,48.0,49.01,Dairy,Low
1.0,Frozen,29.85,4.0,69.0,8.06,Meat,High
2.0,RoomTemp,43.06,6.0,30.0,30.35,Meat,High
6.0,Refrigerated,40.23,21.0,9.0,7.43,Dairy,Low
12.0,Refrigerated,41.72,7.0,61.0,9.41,Fruits,Medium
7.0,Refrigerated,59.83,6.0,80.0,11.1,Vegetables,Medium
12.0,Frozen,43.95,3.0,24.0,31.11,PreparedMeals,Low
6.0,RoomTemp,26.03,18.0,14.0,2.87,Vegetables,Low
13.0,Refrigerated,57.05,5.0,61.0,23.92,Dairy,Medium
7.0,Refrigerated,24.01,23.0,52.0,23.18,Bakery,Medium
5.0,Frozen,40.62,13.0,39.0,8.26,Vegetables,Medium
3.0,Refrigerated,86.69,21.0,76.0,12.21,Fruits,Medium
5.0,RoomTemp,99.49,16.0,84.0,32.67,Bakery,High
14.0,Frozen,7.53,1.0,57.0,38.61,PreparedMeals,Medium
11.0,RoomTemp,66.84,6.0,25.0,29.74,Bakery,Low
5.0,RoomTemp,98.27,12.0,61.0,6.61,Dairy,Medium
7.0,Frozen,62.91,6.0,29.0,30.51,Dairy,Low
4.0,Frozen,80.64,14.0,1.0,24.36,Meat,Medium
3.0,Refrigerated,14.91,18.0,17.0,14.34,Fruits,Medium
2.0,RoomTemp,22.65,16.0,16.0,29.48,Fruits,High
4.0,Refrigerated,49.36,9.0,91.0,24.56,PreparedMeals,High
0.0,Frozen,83.02,21.0,32.0,31.53,Vegetables,High
9.0,RoomTemp,73.15,23.0,73.0,4.46,PreparedMeals,Medium
3.0,RoomTemp,61.22,23.0,35.0,37.24,PreparedMeals,Medium
9.0,Refrigerated,26.76,16.0,71.0,12.82,Dairy,Medium
13.0,Frozen,18.98,10.0,,18.06,Fruits,Low
6.0,RoomTemp,33.5,10.0,72.0,12.43,Bakery,Medium
7.0,Refrigerated,99.78,17.0,24.0,14.49,PreparedMeals,Low
14.0,RoomTemp,29.29,2.0,44.0,46.2,Dairy,Low
4.0,Frozen,9.27,21.0,67.0,36.52,PreparedMeals,Medium
9.0,Refrigerated,46.93,5.0,70.0,29.95,Dairy,Medium
13.0,Refrigerated,13.21,20.0,56.0,26.51,Vegetables,Medium
4.0,Frozen,6.12,16.0,13.0,36.67,Dairy,Medium
12.0,Frozen,36.13,16.0,76.0,22.12,Fruits,Medium
12.0,Refrigerated,53.7,8.0,57.0,22.77,Bakery,Medium
3.0,Frozen,27.77,7.0,82.0,46.92,Dairy,High
12.0,RoomTemp,76.17,20.0,90.0,43.43,Dairy,High
5.0,Frozen,99.62,17.0,71.0,10.87,Bakery,Medium
14.0,Refrigerated,75.49,21.0,2.0,7.18,PreparedMeals,Low
13.0,Refrigerated,2.02,4.0,96.0,13.9,Bakery,High
4.0,Refrigerated,82.84,4.0,1.0,29.5,Dairy,Medium
1.0,Frozen,30.04,0.0,52.0,37.81,Dairy,High
10.0,RoomTemp,91.92,22.0,60.0,25.48,Meat,Medium
14.0,RoomTemp,47.63,6.0,27.0,47.08,Bakery,Low
9.0,RoomTemp,62.33,6.0,41.0,41.4,PreparedMeals,Low
2.0,RoomTemp,61.39,22.0,74.0,44.2,Fruits,High
13.0,Frozen,67.69,7.0,44.0,5.62,Meat,Low
3.0,Refrigerated,33.49,18.0,17.0,6.95,Vegetables,Medium
5.0,RoomTemp,57.01,0.0,24.0,1.47,Dairy,Medium
6.0,Refrigerated,61.72,9.0,11.0,2.15,Fruits,Low
13.0,RoomTemp,77.52,23.0,58.0,6.89,Fruits,
9.0,Frozen,4.97,19.0,82.0,31.64,Dairy,High
2.0,Refrigerated,93.22,23.0,98.0,8.95,,High
9.0,RoomTemp,,4.0,51.0,31.29,Vegetables,Medium
3.0,Frozen,84.25,9.0,97.0,6.95,Meat,High
6.0,Refrigerated,13.43,2.0,3.0,49.6,Bakery,Low
10.0,RoomTemp,71.76,3.0,67.0,39.39,Vegetables,Medium
13.0,Frozen,84.06,10.0,69.0,35.86,PreparedMeals,Medium
0.0,Frozen,7.14,9.0,95.0,1.94,Fruits,High
4.0,Refrigerated,97.63,3.0,47.0,14.1,PreparedMeals,Medium
4.0,Frozen,71.79,0.0,75.0,43.57,Dairy,Medium
1.0,Frozen,44.48,10.0,4.0,44.13,Dairy,High
0.0,Refrigerated,28.88,16.0,88.0,25.67,Vegetables,High
3.0,Frozen,20.3,13.0,48.0,13.49,Meat,Medium
14.0,RoomTemp,87.27,1.0,57.0,33.57,Fruits,Medium
14.0,RoomTemp,48.82,20.0,7.0,4.13,Bakery,Low
5.0,,28.56,14.0,58.0,30.62,Meat,Medium
6.0,Refrigerated,23.55,17.0,28.0,21.91,Vegetables,Low
7.0,Refrigerated,56.94,17.0,51.0,27.4,Bakery,Medium
13.0,Refrigerated,52.07,16.0,47.0,28.73,Dairy,Low
3.0,Refrigerated,41.56,12.0,97.0,25.44,Bakery,High
5.0,Frozen,30.94,15.0,18.0,12.99,Dairy,Medium
3.0,Refrigerated,21.33,14.0,65.0,7.8,Dairy,Medium
2.0,Frozen,59.75,12.0,56.0,49.11,Bakery,High
6.0,Refrigerated,36.78,12.0,70.0,49.79,Fruits,Medium
14.0,Frozen,84.08,14.0,66.0,18.57,Bakery,Medium
14.0,Frozen,2.9,,25.0,48.49,Fruits,Low
11.0,Frozen,97.02,3.0,1.0,9.11,Vegetables,Low
8.0,RoomTemp,45.72,21.0,74.0,28.93,Fruits,Medium
3.0,Frozen,33.2,7.0,51.0,9.68,Meat,Medium
3.0,Refrigerated,25.85,23.0,46.0,32.72,Meat,Medium
11.0,Frozen,6.8,3.0,38.0,40.62,Meat,Low
5.0,RoomTemp,83.04,23.0,61.0,49.33,Fruits,Medium
11.0,RoomTemp,92.69,14.0,37.0,34.66,Bakery,Low
6.0,,6.13,0.0,25.0,16.0,Meat,Low
6.0,Refrigerated,59.89,2.0,32.0,,Dairy,Low
9.0,Frozen,14.25,1.0,78.0,18.77,,Medium
4.0,RoomTemp,59.08,11.0,95.0,30.53,Fruits,High
3.0,Frozen,91.04,22.0,24.0,4.18,PreparedMeals,Medium
13.0,Frozen,77.5,11.0,4.0,16.8,Vegetables,Low
10.0,Frozen,40.55,5.0,57.0,8.95,Vegetables,
5.0,Refrigerated,91.22,7.0,,47.21,Vegetables,Medium
3.0,Frozen,23.01,7.0,,10.42,Fruits,High
9.0,RoomTemp,80.74,1.0,82.0,22.89,Meat,High
3.0,RoomTemp,57.73,13.0,70.0,14.75,Vegetables,Medium
2.0,RoomTemp,6.9,9.0,82.0,26.22,Bakery,High
4.0,RoomTemp,34.4,9.0,84.0,25.45,Fruits,High
9.0,Frozen,70.55,9.0,96.0,41.06,Meat,High
10.0,Refrigerated,76.48,5.0,34.0,26.25,Bakery,Low
6.0,Refrigerated,78.66,10.0,43.0,41.29,Bakery,Low
1.0,Refrigerated,94.15,0.0,46.0,43.69,PreparedMeals,High
12.0,Refrigerated,81.09,0.0,33.0,32.42,Dairy,Low
8.0,Refrigerated,19.6,12.0,51.0,26.73,Vegetables,Medium
8.0,Frozen,95.5,8.0,83.0,33.74,PreparedMeals,High
0.0,Refrigerated,36.5,20.0,2.0,27.05,PreparedMeals,High
8.0,RoomTemp,,18.0,50.0,9.09,Dairy,Low
7.0,Frozen,78.56,,12.0,36.75,Fruits,Low
11.0,Frozen,61.36,3.0,89.0,,Meat,High
12.0,Frozen,43.47,0.0,92.0,3.83,Fruits,High
,Refrigerated,11.09,14.0,40.0,28.5,Vegetables,Low
0.0,Refrigerated,54.88,21.0,27.0,14.7,PreparedMeals,High
0.0,Frozen,92.21,22.0,8.0,34.31,Bakery,High
1.0,Frozen,3.07,0.0,71.0,2.57,Bakery,High
5.0,Refrigerated,24.91,0.0,76.0,47.54,Meat,Medium
0.0,RoomTemp,11.15,13.0,89.0,39.09,Vegetables,High
2.0,RoomTemp,13.47,19.0,41.0,9.29,Vegetables,High
9.0,Frozen,93.39,22.0,20.0,41.51,Bakery,Low
2.0,Frozen,51.06,2.0,82.0,46.87,Bakery,High
11.0,RoomTemp,9.52,5.0,37.0,6.58,Fruits,Low
4.0,Frozen,51.98,15.0,73.0,19.37,Vegetables,Medium
5.0,Frozen,25.8,0.0,90.0,45.25,Dairy,High
14.0,Frozen,18.76,11.0,53.0,1.24,Fruits,Medium
13.0,Frozen,57.81,0.0,21.0,27.89,Dairy,Low
,Refrigerated,35.16,20.0,13.0,42.15,Fruits,Low
1.0,Refrigerated,17.36,6.0,38.0,47.06,Vegetables,High
6.0,Refrigerated,35.4,1.0,42.0,25.73,PreparedMeals,Low
2.0,Refrigerated,58.87,15.0,20.0,2.72,Vegetables,High
13.0,Refrigerated,21.91,21.0,77.0,4.61,Meat,Medium
8.0,Refrigerated,14.31,17.0,29.0,26.93,PreparedMeals,Low
,Refrigerated,22.86,16.0,71.0,20.53,Dairy,Medium
3.0,Refrigerated,34.66,3.0,21.0,37.46,Vegetables,Medium
14.0,RoomTemp,46.8,12.0,79.0,1.41,Vegetables,Medium
7.0,RoomTemp,9.03,0.0,5.0,46.72,PreparedMeals,Low
6.0,Frozen,69.67,0.0,,17.17,Bakery,Medium
0.0,Refrigerated,44.76,5.0,93.0,21.19,Dairy,High
11.0,RoomTemp,23.21,23.0,29.0,41.12,PreparedMeals,Low
6.0,Frozen,99.73,10.0,30.0,2.85,Meat,Low
3.0,RoomTemp,59.21,1.0,70.0,43.26,Vegetables,Medium
13.0,RoomTemp,87.13,19.0,41.0,28.91,Vegetables,Low
12.0,Refrigerated,67.57,2.0,85.0,42.5,Dairy,High
5.0,RoomTemp,97.87,7.0,5.0,25.27,Dairy,Medium
11.0,Refrigerated,76.88,16.0,56.0,4.44,PreparedMeals,Medium
8.0,Frozen,68.57,1.0,9.0,16.61,PreparedMeals,Low
4.0,RoomTemp,27.2,11.0,76.0,45.34,Bakery,Medium
3.0,Refrigerated,58.69,0.0,65.0,11.92,Meat,Medium
1.0,Frozen,52.61,8.0,69.0,21.8,Bakery,High
9.0,Refrigerated,96.38,9.0,98.0,34.49,Bakery,High
12.0,Refrigerated,2.52,22.0,68.0,15.66,Bakery,Medium
4.0,Frozen,69.54,18.0,57.0,23.69,Bakery,Medium
6.0,Refrigerated,71.06,15.0,24.0,43.83,Vegetables,Low
13.0,Refrigerated,89.66,8.0,73.0,2.94,Vegetables,Medium
13.0,Frozen,55.34,0.0,25.0,44.98,Bakery,Low
8.0,Refrigerated,19.43,9.0,68.0,17.48,PreparedMeals,Medium
1.0,Frozen,18.37,6.0,91.0,17.08,PreparedMeals,High
13.0,Refrigerated,92.79,21.0,,8.3,Fruits,Low
2.0,Refrigerated,13.17,15.0,84.0,20.77,Fruits,High
3.0,Refrigerated,12.5,23.0,30.0,49.22,Vegetables,Medium
14.0,Frozen,6.63,6.0,7.0,,Meat,Low
4.0,Refrigerated,88.14,6.0,91.0,33.66,Bakery,High
13.0,RoomTemp,70.02,12.0,78.0,5.75,PreparedMeals,Medium
8.0,Frozen,46.34,19.0,1.0,3.87,Bakery,Low
6.0,Refrigerated,8.48,16.0,94.0,47.23,Dairy,
13.0,Refrigerated,92.99,16.0,20.0,1.39,Bakery,Low
5.0,Frozen,12.73,11.0,4.0,10.91,Bakery,Medium
6.0,Frozen,8.94,4.0,16.0,32.08,Dairy,Low
3.0,Refrigerated,95.19,8.0,8.0,21.48,Dairy,Medium
2.0,Frozen,82.42,9.0,42.0,21.32,Bakery,High
12.0,Refrigerated,35.94,11.0,71.0,12.64,PreparedMeals,Medium
0.0,Refrigerated,89.89,20.0,41.0,14.06,Meat,High
0.0,Refrigerated,88.6,4.0,7.0,9.34,Meat,High
7.0,Frozen,94.02,22.0,83.0,39.14,Vegetables,High
11.0,Refrigerated,52.28,5.0,66.0,38.74,Meat,Medium
6.0,RoomTemp,40.88,2.0,56.0,3.07,Dairy,Medium
9.0,Frozen,26.61,16.0,85.0,2.04,Bakery,High
11.0,Refrigerated,86.02,2.0,8.0,42.8,Vegetables,Low
2.0,Frozen,21.02,2.0,11.0,46.63,Bakery,High
3.0,RoomTemp,61.53,20.0,15.0,13.32,Meat,Medium
5.0,Refrigerated,60.09,9.0,91.0,39.99,Vegetables,High
14.0,Frozen,42.51,3.0,68.0,31.55,Fruits,Medium
5.0,RoomTemp,70.51,20.0,2.0,2.93,Meat,Medium
12.0,Frozen,11.82,18.0,43.0,1.9,Meat,Low
11.0,Refrigerated,54.55,12.0,93.0,23.5,Meat,High
10.0,Refrigerated,19.58,20.0,43.0,,PreparedMeals,Low
0.0,RoomTemp,49.28,21.0,95.0,37.81,Vegetables,High
9.0,RoomTemp,31.41,9.0,6.0,16.53,Fruits,Low
3.0,Refrigerated,29.63,10.0,38.0,44.02,Vegetables,Medium
9.0,Refrigerated,96.74,22.0,25.0,21.16,Meat,Low
12.0,Frozen,25.51,17.0,43.0,0.76,PreparedMeals,Low
8.0,Frozen,66.08,8.0,40.0,13.19,Vegetables,Low
11.0,Frozen,30.17,5.0,43.0,8.53,Fruits,Low
4.0,Refrigerated,90.7,4.0,81.0,31.43,Bakery,High
3.0,Refrigerated,63.46,12.0,66.0,42.56,PreparedMeals,Medium
9.0,Refrigerated,47.53,18.0,66.0,47.32,Bakery,Medium
14.0,RoomTemp,17.14,3.0,60.0,5.24,Fruits,Medium
14.0,Refrigerated,27.75,18.0,13.0,26.6,Dairy,Low
7.0,Refrigerated,25.87,3.0,0.0,8.09,PreparedMeals,Low
2.0,Frozen,65.86,17.0,29.0,35.58,Vegetables,High
,RoomTemp,83.58,12.0,86.0,43.41,Fruits,High
10.0,RoomTemp,49.79,2.0,78.0,42.2,Dairy,Medium
7.0,RoomTemp,69.76,9.0,34.0,9.84,Bakery,Low
9.0,Frozen,39.41,13.0,28.0,27.76,PreparedMeals,Low
12.0,Frozen,47.2,21.0,1.0,49.3,Fruits,Low
14.0,Frozen,56.78,12.0,66.0,26.94,Meat,Medium
5.0,RoomTemp,9.33,17.0,80.0,33.13,PreparedMeals,Medium
1.0,Refrigerated,99.33,21.0,47.0,,Bakery,High
0.0,Refrigerated,30.34,2.0,85.0,16.44,Fruits,High
6.0,Frozen,70.47,13.0,29.0,,Fruits,Low
7.0,Frozen,85.18,9.0,17.0,36.16,Meat,Low
2.0,Frozen,60.58,18.0,76.0,6.07,Dairy,High
1.0,Frozen,21.86,18.0,2.0,14.27,Dairy,High
4.0,RoomTemp,8.61,13.0,69.0,29.26,Fruits,Medium
9.0,Refrigerated,79.63,1.0,3.0,17.11,Vegetables,Low
0.0,Refrigerated,22.65,21.0,30.0,13.13,Vegetables,High
13.0,Refrigerated,17.1,,47.0,22.42,PreparedMeals,Low
12.0,RoomTemp,58.11,21.0,93.0,40.4,Bakery,High
12.0,Frozen,67.73,18.0,36.0,10.95,Bakery,Low
4.0,Refrigerated,36.09,20.0,19.0,0.54,,Medium
3.0,Refrigerated,,19.0,36.0,46.43,PreparedMeals,Medium
13.0,Frozen,74.05,23.0,85.0,33.43,Dairy,High
12.0,RoomTemp,75.09,1.0,94.0,32.41,Fruits,High
5.0,RoomTemp,46.95,4.0,97.0,8.46,Fruits,High
3.0,Frozen,79.98,3.0,33.0,19.28,Dairy,Medium
5.0,RoomTemp,3.34,18.0,81.0,12.68,Meat,High
12.0,RoomTemp,27.27,7.0,87.0,3.53,Vegetables,High
5.0,Refrigerated,7.5,16.0,79.0,37.04,Vegetables,Medium
8.0,RoomTemp,55.12,5.0,71.0,22.13,Fruits,Medium
4.0,Frozen,3.18,11.0,62.0,8.63,Fruits,Medium
13.0,RoomTemp,64.42,14.0,20.0,13.08,Bakery,Low
14.0,Frozen,29.37,11.0,74.0,49.42,Meat,Medium
9.0,Frozen,45.68,7.0,45.0,,PreparedMeals,Low
6.0,Refrigerated,85.26,19.0,79.0,10.89,Bakery,Medium
,RoomTemp,41.3,8.0,68.0,31.08,Fruits,Medium
,Refrigerated,70.36,1.0,97.0,44.84,Bakery,High
14.0,Frozen,56.35,18.0,16.0,40.26,Dairy,Low
3.0,Refrigerated,25.59,17.0,93.0,49.28,Dairy,High
13.0,Refrigerated,65.33,1.0,60.0,7.9,Vegetables,Medium
6.0,RoomTemp,98.5,14.0,60.0,32.2,PreparedMeals,Medium
7.0,Refrigerated,76.89,5.0,94.0,46.05,Dairy,High
10.0,Frozen,65.13,1.0,17.0,12.06,Fruits,Low
3.0,Frozen,,1.0,0.0,10.24,PreparedMeals,Medium
4.0,Refrigerated,68.28,1.0,18.0,11.13,Fruits,Medium
1.0,RoomTemp,50.53,4.0,31.0,33.37,PreparedMeals,High
9.0,Refrigerated,94.33,23.0,45.0,12.09,Meat,Low
4.0,Refrigerated,30.68,15.0,90.0,2.44,Meat,High
8.0,RoomTemp,13.31,0.0,15.0,11.17,Dairy,Low
8.0,RoomTemp,26.7,7.0,27.0,22.21,,Low
6.0,Frozen,4.91,23.0,8.0,8.16,Fruits,Low
7.0,RoomTemp,59.97,1.0,96.0,18.57,PreparedMeals,High
3.0,Frozen,53.46,5.0,96.0,32.94,Dairy,High
9.0,Frozen,68.01,15.0,50.0,23.31,Vegetables,Low
11.0,Frozen,38.83,17.0,2.0,29.19,Meat,Low
9.0,RoomTemp,41.78,10.0,96.0,6.36,Fruits,High
10.0,RoomTemp,48.92,5.0,1.0,0.52,Fruits,Low
4.0,Refrigerated,44.53,17.0,61.0,39.03,Dairy,Medium
12.0,Refrigerated,82.78,16.0,75.0,1.51,Dairy,Medium
4.0,Refrigerated,88.92,21.0,11.0,16.08,Fruits,Medium
0.0,Refrigerated,41.95,2.0,,47.45,Meat,High
8.0,RoomTemp,80.58,7.0,33.0,29.06,Vegetables,Low
2.0,Refrigerated,84.67,3.0,65.0,15.11,Dairy,High
3.0,Frozen,41.37,16.0,19.0,9.39,Bakery,Medium
4.0,RoomTemp,66.53,4.0,43.0,,,Medium
6.0,Frozen,56.86,11.0,60.0,36.07,Meat,Medium
12.0,Frozen,44.95,23.0,7.0,4.84,Fruits,Low
0.0,Frozen,25.49,14.0,1.0,22.61,PreparedMeals,High
2.0,Frozen,68.17,19.0,15.0,35.58,Dairy,High
1.0,Refrigerated,9.37,20.0,21.0,22.44,PreparedMeals,High
12.0,Frozen,32.07,18.0,34.0,14.3,Vegetables,Low
3.0,RoomTemp,6.75,11.0,50.0,38.04,Fruits,Medium
5.0,Frozen,37.56,17.0,,35.34,Vegetables,Medium
3.0,Frozen,22.74,8.0,1.0,34.75,Vegetables,Medium
11.0,,44.86,14.0,36.0,24.09,Vegetables,Low
0.0,RoomTemp,66.31,15.0,46.0,34.91,Fruits,High
10.0,Frozen,19.0,0.0,25.0,22.46,Fruits,Low
11.0,Refrigerated,73.42,17.0,75.0,48.91,PreparedMeals,Medium
13.0,RoomTemp,62.85,15.0,21.0,29.83,Dairy,Low
1.0,Frozen,13.93,16.0,,32.05,Vegetables,High
0.0,RoomTemp,22.36,1.0,73.0,0.52,Meat,High
9.0,Frozen,71.0,2.0,12.0,31.65,Dairy,Low
2.0,Frozen,35.73,16.0,49.0,13.06,Dairy,High
7.0,Frozen,73.21,9.0,92.0,6.09,Fruits,High
14.0,RoomTemp,91.59,6.0,25.0,48.63,Meat,Low
1.0,RoomTemp,95.84,23.0,8.0,24.92,PreparedMeals,High
6.0,Refrigerated,19.1,18.0,92.0,6.79,PreparedMeals,High
3.0,RoomTemp,37.5,12.0,1.0,13.63,Dairy,Medium
5.0,RoomTemp,16.86,17.0,15.0,23.8,Meat,Medium
2.0,Refrigerated,55.56,7.0,64.0,1.19,Dairy,High
10.0,Frozen,66.15,19.0,52.0,11.11,Vegetables,Medium
0.0,RoomTemp,70.2,9.0,1.0,10.42,Fruits,High
14.0,Refrigerated,62.75,20.0,51.0,40.17,Meat,Medium
0.0,Refrigerated,44.79,9.0,15.0,39.82,Bakery,High
14.0,RoomTemp,69.77,7.0,89.0,49.14,Bakery,High
12.0,RoomTemp,30.99,21.0,81.0,18.78,Vegetables,High
11.0,Refrigerated,86.49,21.0,2.0,15.84,PreparedMeals,Low
11.0,RoomTemp,50.56,2.0,20.0,45.09,Bakery,Low
2.0,Frozen,76.99,12.0,49.0,27.84,Fruits,High
5.0,RoomTemp,73.7,6.0,25.0,2.19,PreparedMeals,Medium
0.0,Frozen,93.91,23.0,72.0,1.39,Fruits,High
11.0,RoomTemp,63.21,14.0,8.0,0.92,PreparedMeals,Low
4.0,RoomTemp,70.92,18.0,78.0,30.45,Dairy,Medium
2.0,Refrigerated,5.99,17.0,69.0,3.86,Dairy,High
2.0,Refrigerated,96.13,7.0,55.0,29.47,Meat,High
13.0,RoomTemp,4.02,21.0,64.0,43.06,Fruits,Medium
11.0,Refrigerated,66.76,17.0,36.0,40.26,Vegetables,Low
8.0,Frozen,78.02,7.0,88.0,46.13,Meat,High
9.0,Frozen,58.97,20.0,74.0,38.51,Bakery,Medium
7.0,Frozen,93.97,11.0,63.0,2.03,Bakery,Medium
5.0,Frozen,33.89,13.0,89.0,20.17,Fruits,High
11.0,Refrigerated,27.47,14.0,66.0,32.32,Bakery,Medium
3.0,Frozen,33.2,12.0,22.0,25.54,,Medium
9.0,Refrigerated,82.62,6.0,46.0,49.72,Fruits,Low
11.0,RoomTemp,96.15,17.0,58.0,41.89,Vegetables,Medium
7.0,Frozen,62.06,8.0,78.0,45.77,PreparedMeals,Medium
7.0,RoomTemp,41.71,8.0,47.0,22.73,Dairy,Low
10.0,Frozen,81.56,13.0,90.0,17.84,Bakery,High
0.0,RoomTemp,63.11,3.0,65.0,10.55,Dairy,High
4.0,Refrigerated,98.96,3.0,75.0,17.36,Vegetables,Medium
12.0,RoomTemp,12.75,4.0,64.0,32.22,Dairy,Medium
10.0,Refrigerated,82.86,22.0,54.0,34.81,PreparedMeals,Medium
7.0,RoomTemp,7.63,6.0,6.0,48.7,Fruits,Low
2.0,RoomTemp,53.02,15.0,43.0,11.39,Meat,High
9.0,Refrigerated,97.14,7.0,20.0,43.0,Vegetables,Low
0.0,RoomTemp,53.24,1.0,92.0,2.53,Dairy,High
11.0,Refrigerated,11.04,13.0,42.0,33.53,Fruits,Low
0.0,RoomTemp,2.91,22.0,9.0,27.47,PreparedMeals,High
7.0,RoomTemp,79.52,20.0,45.0,34.53,PreparedMeals,Low
12.0,Frozen,9.43,7.0,83.0,12.49,Bakery,High
6.0,Refrigerated,63.51,13.0,97.0,15.51,PreparedMeals,High
11.0,Refrigerated,62.94,1.0,53.0,30.66,Fruits,Medium
4.0,Refrigerated,43.57,13.0,60.0,45.7,Bakery,Medium
13.0,Frozen,5.77,13.0,76.0,2.83,Meat,Medium
6.0,Refrigerated,17.17,16.0,72.0,3.8,Vegetables,Medium
3.0,Frozen,94.77,15.0,,10.46,Fruits,High
5.0,RoomTemp,22.99,1.0,1.0,23.72,Dairy,Medium
11.0,RoomTemp,51.9,8.0,80.0,30.01,PreparedMeals,Medium
13.0,Frozen,36.46,3.0,98.0,31.69,PreparedMeals,High
8.0,RoomTemp,5.97,22.0,2.0,35.12,Meat,Low
14.0,RoomTemp,65.81,6.0,54.0,43.13,Bakery,Medium
5.0,RoomTemp,55.44,15.0,8.0,17.55,Fruits,Medium
1.0,Frozen,80.54,17.0,42.0,12.47,PreparedMeals,High
2.0,Frozen,85.21,12.0,9.0,11.08,Vegetables,High
9.0,RoomTemp,1.83,2.0,20.0,0.62,Fruits,Low
6.0,RoomTemp,41.11,19.0,57.0,44.4,Bakery,Medium
5.0,RoomTemp,71.89,12.0,65.0,1.94,Fruits,Medium
3.0,Frozen,80.3,20.0,,24.83,Vegetables,Medium
1.0,Frozen,59.93,,93.0,37.35,PreparedMeals,High
14.0,RoomTemp,27.87,7.0,18.0,38.42,Dairy,Low
5.0,Frozen,43.95,,6.0,15.46,Meat,Medium
6.0,RoomTemp,4.97,2.0,27.0,8.21,PreparedMeals,Low
14.0,Frozen,89.84,17.0,43.0,30.42,Fruits,Low
6.0,Refrigerated,4.46,23.0,83.0,40.94,Dairy,High
12.0,RoomTemp,37.61,3.0,5.0,45.25,PreparedMeals,Low
10.0,Frozen,62.64,12.0,33.0,10.33,Meat,Low
4.0,RoomTemp,56.18,13.0,94.0,39.71,PreparedMeals,High
5.0,Refrigerated,63.91,9.0,27.0,11.96,Dairy,Medium
3.0,Frozen,17.01,21.0,1.0,9.2,Dairy,Medium
11.0,Refrigerated,89.42,22.0,30.0,36.16,Fruits,Low
13.0,RoomTemp,34.7,16.0,17.0,49.06,PreparedMeals,Low
9.0,Refrigerated,96.37,17.0,18.0,24.1,Dairy,Low
0.0,Refrigerated,7.34,20.0,81.0,44.65,Vegetables,High
0.0,Refrigerated,96.1,3.0,29.0,48.81,Fruits,High
11.0,RoomTemp,28.82,16.0,25.0,25.73,Vegetables,Low
12.0,RoomTemp,54.49,22.0,76.0,,Meat,Medium
1.0,Frozen,27.16,21.0,27.0,4.08,PreparedMeals,High
8.0,Frozen,16.34,4.0,75.0,15.53,Meat,Medium
6.0,RoomTemp,50.13,14.0,8.0,18.67,Bakery,Low
10.0,Refrigerated,87.2,5.0,22.0,42.44,Vegetables,Low
8.0,Refrigerated,67.74,20.0,65.0,25.07,PreparedMeals,Medium
3.0,RoomTemp,51.62,11.0,57.0,29.83,Bakery,Medium
8.0,Frozen,35.77,14.0,69.0,5.3,PreparedMeals,Medium
1.0,Refrigerated,5.51,18.0,90.0,15.16,PreparedMeals,High
13.0,RoomTemp,82.5,7.0,76.0,29.4,Bakery,Medium
1.0,RoomTemp,99.27,10.0,38.0,14.82,Dairy,High
12.0,RoomTemp,38.9,3.0,7.0,36.16,Dairy,Low
0.0,RoomTemp,24.81,16.0,79.0,25.38,Dairy,High
7.0,Frozen,54.57,9.0,61.0,16.47,Vegetables,Medium
3.0,Refrigerated,64.46,21.0,41.0,19.88,Bakery,Medium
12.0,RoomTemp,83.45,5.0,31.0,9.8,Vegetables,Low
7.0,Refrigerated,23.43,22.0,62.0,22.88,Fruits,Medium
12.0,Refrigerated,49.07,23.0,21.0,9.98,Fruits,Low
14.0,Refrigerated,19.26,0.0,,6.26,Vegetables,High
11.0,,8.22,20.0,25.0,35.7,Meat,Low
8.0,Refrigerated,22.23,1.0,27.0,27.93,Bakery,Low
3.0,RoomTemp,81.6,23.0,6.0,26.15,Fruits,Medium
7.0,Refrigerated,75.42,20.0,9.0,42.74,Bakery,Low
2.0,RoomTemp,17.41,16.0,27.0,42.91,Bakery,High
1.0,Refrigerated,19.3,8.0,56.0,13.6,PreparedMeals,High
14.0,Refrigerated,67.44,11.0,52.0,42.39,Vegetables,Medium
,RoomTemp,89.64,23.0,22.0,37.21,Meat,Low
12.0,RoomTemp,85.8,0.0,87.0,44.76,Meat,High
6.0,Frozen,25.29,15.0,2.0,43.89,PreparedMeals,Low
2.0,RoomTemp,80.7,4.0,87.0,7.49,PreparedMeals,High
8.0,Refrigerated,30.23,0.0,23.0,43.06,,Low
9.0,RoomTemp,83.87,20.0,80.0,20.6,Vegetables,
9.0,RoomTemp,32.07,21.0,35.0,40.23,Dairy,Low
5.0,Frozen,76.69,8.0,91.0,47.97,Bakery,High
14.0,RoomTemp,41.9,23.0,79.0,26.25,Meat,Medium
13.0,Frozen,82.83,23.0,10.0,13.27,Dairy,Low
1.0,Frozen,19.82,13.0,93.0,3.75,PreparedMeals,High
11.0,Frozen,13.56,22.0,72.0,11.11,Vegetables,Medium
7.0,,94.82,10.0,42.0,13.88,Dairy,Low
0.0,Refrigerated,57.63,23.0,59.0,35.85,Meat,High
4.0,Refrigerated,52.15,5.0,95.0,32.71,Fruits,High
0.0,Frozen,68.29,2.0,57.0,43.94,Fruits,High
5.0,Frozen,82.53,16.0,37.0,38.15,Dairy,Medium
4.0,Refrigerated,90.88,3.0,86.0,3.33,Fruits,High
13.0,RoomTemp,62.65,12.0,85.0,20.09,Vegetables,High
9.0,Refrigerated,28.51,13.0,36.0,2.67,Fruits,Low
14.0,RoomTemp,55.92,15.0,72.0,14.69,PreparedMeals,Medium
2.0,Refrigerated,2.2,7.0,92.0,4.75,Vegetables,High
7.0,Frozen,7.18,1.0,45.0,25.23,Dairy,Low
7.0,Refrigerated,21.71,,2.0,21.83,PreparedMeals,Low
0.0,RoomTemp,73.11,6.0,72.0,,PreparedMeals,High
6.0,Frozen,31.34,17.0,47.0,45.05,Dairy,Low
0.0,Frozen,1.82,6.0,71.0,14.22,Meat,High
11.0,Frozen,54.63,17.0,1.0,32.48,Bakery,Low
10.0,Frozen,11.48,15.0,14.0,4.14,Dairy,Low
5.0,Refrigerated,83.53,11.0,82.0,46.67,Dairy,High
8.0,,76.85,16.0,63.0,38.85,Dairy,Medium
7.0,Frozen,40.92,13.0,35.0,16.83,Bakery,Low
10.0,Refrigerated,11.15,9.0,86.0,13.54,Dairy,High
2.0,Refrigerated,50.31,2.0,66.0,29.06,Bakery,High
4.0,Refrigerated,27.81,3.0,13.0,46.58,Bakery,Medium
12.0,RoomTemp,97.75,17.0,10.0,33.65,Fruits,Low
6.0,Frozen,69.14,17.0,40.0,40.39,PreparedMeals,Low
4.0,Frozen,18.51,14.0,40.0,13.53,Meat,Medium
4.0,Refrigerated,48.21,19.0,23.0,31.62,Fruits,Medium
5.0,Frozen,77.18,6.0,70.0,48.94,Bakery,Medium
12.0,Refrigerated,27.92,4.0,96.0,6.88,Bakery,High
9.0,Frozen,33.82,1.0,85.0,7.34,Fruits,High
12.0,RoomTemp,12.6,11.0,96.0,25.03,Fruits,High
3.0,Frozen,45.45,15.0,30.0,17.45,Meat,Medium
10.0,RoomTemp,66.02,10.0,92.0,27.11,Fruits,High
14.0,Frozen,16.52,14.0,65.0,8.97,Meat,Medium
0.0,Refrigerated,38.53,1.0,31.0,14.39,Fruits,High
8.0,RoomTemp,54.76,18.0,56.0,18.57,PreparedMeals,Medium
4.0,Refrigerated,33.87,19.0,53.0,30.49,Bakery,Medium
0.0,Frozen,29.45,17.0,13.0,15.42,Fruits,High
7.0,RoomTemp,36.3,6.0,69.0,47.91,Fruits,Medium
2.0,RoomTemp,89.94,19.0,35.0,25.99,Fruits,High
0.0,Refrigerated,15.55,5.0,,35.48,Dairy,High
0.0,,40.06,23.0,48.0,26.27,PreparedMeals,High
13.0,RoomTemp,8.64,12.0,4.0,5.84,Vegetables,Low
7.0,Refrigerated,20.5,4.0,68.0,14.67,PreparedMeals,Medium
5.0,Refrigerated,46.45,3.0,41.0,12.71,Vegetables,Medium
9.0,RoomTemp,88.46,10.0,8.0,20.7,PreparedMeals,Low
,Frozen,44.77,18.0,8.0,26.72,PreparedMeals,High
6.0,Refrigerated,9.08,7.0,8.0,23.82,Dairy,Low
13.0,RoomTemp,95.8,10.0,71.0,13.2,Bakery,Medium
12.0,RoomTemp,98.14,19.0,38.0,12.87,Vegetables,Low
13.0,Frozen,76.42,13.0,57.0,6.79,Vegetables,Medium
2.0,Frozen,,8.0,73.0,48.14,Fruits,High
5.0,Refrigerated,51.93,5.0,,33.73,Vegetables,Medium
0.0,Frozen,29.71,11.0,35.0,14.41,Dairy,High
14.0,RoomTemp,90.91,9.0,61.0,29.47,Meat,Medium
10.0,Refrigerated,43.42,13.0,13.0,9.7,Meat,Low
10.0,,21.24,3.0,5.0,12.96,Fruits,Low
1.0,Frozen,,,95.0,31.77,Bakery,High
10.0,Frozen,5.36,15.0,66.0,12.98,PreparedMeals,Medium
8.0,Frozen,23.31,23.0,42.0,34.85,Fruits,Low
6.0,Refrigerated,70.51,2.0,72.0,30.92,Fruits,Medium
4.0,Refrigerated,66.51,14.0,96.0,9.97,Fruits,High
1.0,RoomTemp,9.04,14.0,0.0,20.76,Fruits,High
,Frozen,63.51,3.0,55.0,14.09,Fruits,Medium
7.0,Refrigerated,38.67,6.0,91.0,27.34,PreparedMeals,High
12.0,Refrigerated,6.41,22.0,20.0,21.04,Fruits,Low
4.0,Frozen,93.44,,33.0,20.99,Dairy,Medium
5.0,RoomTemp,63.38,6.0,29.0,27.91,Bakery,Medium
14.0,Refrigerated,32.31,8.0,59.0,30.78,Dairy,Medium
6.0,Frozen,83.98,14.0,30.0,12.87,Dairy,Low
2.0,Frozen,30.8,12.0,71.0,35.81,PreparedMeals,
12.0,Frozen,20.73,8.0,28.0,47.73,PreparedMeals,Low
4.0,,16.89,13.0,46.0,17.04,Dairy,Medium
11.0,Frozen,63.61,9.0,30.0,25.04,Fruits,Low
3.0,Frozen,96.31,22.0,59.0,26.91,PreparedMeals,Medium
7.0,Refrigerated,29.64,5.0,79.0,24.92,PreparedMeals,Medium
14.0,RoomTemp,88.04,9.0,26.0,39.31,PreparedMeals,Low
13.0,Refrigerated,51.55,8.0,9.0,30.88,Meat,Low
0.0,Frozen,25.1,11.0,14.0,22.94,Fruits,High
12.0,RoomTemp,47.16,15.0,21.0,41.22,,Low
13.0,Refrigerated,41.35,7.0,77.0,0.95,Fruits,Medium
9.0,Frozen,40.12,3.0,0.0,47.82,PreparedMeals,Low
13.0,RoomTemp,55.1,4.0,79.0,7.24,Vegetables,Medium
6.0,RoomTemp,20.83,5.0,46.0,31.88,Vegetables,Low
5.0,RoomTemp,3.89,0.0,96.0,14.67,PreparedMeals,High
0.0,RoomTemp,40.87,2.0,27.0,42.97,Fruits,High
1.0,Refrigerated,55.91,14.0,63.0,,Vegetables,High
9.0,Frozen,52.11,14.0,11.0,26.59,Bakery,Low
10.0,Frozen,99.02,17.0,73.0,15.28,Meat,Medium
7.0,Refrigerated,94.14,21.0,81.0,21.33,PreparedMeals,High
14.0,Frozen,8.6,3.0,96.0,32.32,Vegetables,High
8.0,Refrigerated,,10.0,32.0,6.99,PreparedMeals,Low
0.0,Frozen,80.03,9.0,48.0,48.56,Vegetables,High
12.0,Frozen,87.76,0.0,66.0,12.06,,Medium
12.0,,89.9,15.0,33.0,4.08,PreparedMeals,Low
6.0,Refrigerated,27.29,13.0,75.0,39.57,Meat,Medium
5.0,RoomTemp,27.28,21.0,45.0,39.52,Bakery,Medium
4.0,Refrigerated,14.04,2.0,28.0,49.52,Bakery,Medium
10.0,RoomTemp,19.48,21.0,53.0,7.28,Dairy,Medium
6.0,Frozen,22.42,18.0,93.0,23.39,Fruits,High
2.0,Frozen,7.83,21.0,23.0,34.09,PreparedMeals,High
4.0,Refrigerated,94.65,12.0,37.0,18.12,Vegetables,Medium
12.0,RoomTemp,66.25,4.0,50.0,45.31,Meat,Low
1.0,Frozen,59.47,21.0,18.0,6.4,Vegetables,High
2.0,RoomTemp,57.01,21.0,5.0,22.34,Bakery,High
5.0,Refrigerated,42.24,9.0,32.0,28.06,Meat,Medium
11.0,Refrigerated,17.53,14.0,21.0,17.26,Vegetables,Low
2.0,RoomTemp,34.07,7.0,53.0,16.37,Bakery,High
3.0,Refrigerated,46.44,12.0,80.0,45.2,Meat,Medium
6.0,RoomTemp,4.85,5.0,32.0,11.89,Vegetables,Low
8.0,RoomTemp,65.18,15.0,43.0,28.5,Bakery,Low
10.0,Refrigerated,68.7,17.0,0.0,13.87,Bakery,Low
11.0,Refrigerated,40.26,21.0,94.0,6.32,Fruits,High
13.0,Frozen,79.47,15.0,45.0,34.69,Vegetables,Low
7.0,RoomTemp,94.11,20.0,84.0,45.9,Fruits,High
7.0,Frozen,8.62,0.0,13.0,24.11,PreparedMeals,Low
14.0,RoomTemp,75.76,1.0,14.0,37.89,Vegetables,Low
10.0,RoomTemp,89.15,22.0,,6.53,Dairy,High
6.0,Frozen,82.93,5.0,24.0,31.33,PreparedMeals,Low
4.0,Refrigerated,4.89,18.0,90.0,32.76,Meat,High
3.0,RoomTemp,40.36,0.0,74.0,29.79,PreparedMeals,Medium
0.0,Refrigerated,27.84,15.0,24.0,26.12,Vegetables,High
2.0,Refrigerated,24.21,22.0,32.0,38.68,PreparedMeals,High
4.0,Refrigerated,48.08,21.0,61.0,9.55,Meat,Medium
1.0,Frozen,67.6,2.0,23.0,9.25,PreparedMeals,High
4.0,Frozen,81.18,22.0,48.0,43.99,Dairy,Medium
14.0,RoomTemp,32.44,5.0,,46.73,Bakery,Low
5.0,,28.56,14.0,58.0,30.62,Meat,Medium
4.0,RoomTemp,27.59,10.0,9.0,32.92,Vegetables,Medium
1.0,Frozen,81.28,22.0,6.0,40.47,Meat,High
2.0,Frozen,26.84,19.0,12.0,6.98,Vegetables,High
1.0,Refrigerated,83.26,17.0,57.0,40.73,Dairy,High
10.0,Frozen,58.73,10.0,53.0,15.44,Bakery,Medium
9.0,Refrigerated,97.33,3.0,16.0,16.68,Meat,Low
11.0,Refrigerated,80.9,5.0,99.0,36.91,Meat,High
8.0,Refrigerated,75.97,17.0,86.0,48.55,Dairy,High
10.0,Frozen,21.14,5.0,34.0,7.95,Bakery,Low
3.0,Refrigerated,38.6,14.0,16.0,20.21,Dairy,Medium
9.0,Frozen,61.75,23.0,13.0,6.8,Meat,Low
8.0,Refrigerated,,15.0,86.0,2.59,Meat,High
1.0,RoomTemp,4.99,4.0,32.0,22.68,Dairy,High
4.0,Refrigerated,20.93,21.0,,2.2,Vegetables,High
8.0,RoomTemp,83.66,18.0,29.0,32.59,Vegetables,
14.0,Frozen,59.0,18.0,43.0,46.15,PreparedMeals,Low
12.0,Frozen,45.56,16.0,70.0,25.9,Bakery,Medium
14.0,Frozen,58.47,13.0,80.0,6.43,PreparedMeals,Medium
9.0,Refrigerated,68.02,16.0,18.0,5.8,PreparedMeals,Low
6.0,RoomTemp,80.91,2.0,81.0,41.73,PreparedMeals,High
2.0,RoomTemp,80.18,,45.0,46.57,Dairy,High
11.0,RoomTemp,28.82,18.0,69.0,13.49,PreparedMeals,Medium
9.0,Refrigerated,96.44,2.0,11.0,43.04,Bakery,Low
14.0,RoomTemp,13.47,3.0,62.0,18.56,Fruits,Medium
7.0,RoomTemp,26.28,11.0,94.0,49.78,Dairy,High
8.0,Frozen,78.28,23.0,24.0,17.87,Dairy,Low
13.0,Frozen,67.48,14.0,86.0,37.66,Vegetables,High
1.0,Frozen,39.17,,33.0,9.0,Fruits,
7.0,Refrigerated,29.6,13.0,12.0,1.64,PreparedMeals,
7.0,Frozen,48.83,6.0,70.0,8.07,Fruits,Medium
10.0,RoomTemp,15.55,3.0,,19.01,Fruits,High
7.0,RoomTemp,69.7,3.0,77.0,11.88,Vegetables,Medium
0.0,Refrigerated,15.16,15.0,56.0,1.28,Vegetables,High
6.0,Refrigerated,48.86,21.0,13.0,31.12,PreparedMeals,Low
7.0,Frozen,52.82,6.0,19.0,28.06,PreparedMeals,Low
5.0,Frozen,51.66,8.0,60.0,27.94,Vegetables,Medium
5.0,Refrigerated,82.92,20.0,15.0,20.74,Meat,Medium
2.0,Frozen,73.92,14.0,85.0,26.73,Dairy,High
13.0,RoomTemp,29.76,7.0,,49.25,Meat,Low
14.0,Frozen,14.09,9.0,29.0,8.98,Meat,Low
8.0,RoomTemp,42.4,5.0,36.0,29.5,Bakery,Low
2.0,Refrigerated,47.95,8.0,41.0,17.62,Vegetables,High
1.0,Frozen,53.66,2.0,46.0,47.41,Meat,High
0.0,RoomTemp,49.24,2.0,36.0,29.75,Fruits,High
5.0,Frozen,33.03,12.0,97.0,4.95,Meat,High
2.0,Refrigerated,8.24,14.0,30.0,44.8,Bakery,High
7.0,Frozen,87.2,8.0,7.0,29.67,Dairy,Low
14.0,Refrigerated,91.83,6.0,25.0,38.14,Dairy,Low
8.0,RoomTemp,48.85,6.0,,16.77,PreparedMeals,High
9.0,Frozen,57.02,9.0,27.0,24.95,Vegetables,Low
3.0,Frozen,51.53,22.0,32.0,26.1,Vegetables,Medium
2.0,RoomTemp,6.01,5.0,36.0,41.5,,High
6.0,RoomTemp,18.75,14.0,30.0,42.08,PreparedMeals,Low
5.0,Frozen,64.14,0.0,65.0,35.61,Dairy,Medium
9.0,RoomTemp,70.75,21.0,22.0,25.97,PreparedMeals,Low
1.0,RoomTemp,67.6,8.0,76.0,10.03,Meat,High
2.0,Refrigerated,87.18,1.0,73.0,1.18,Dairy,High
10.0,Frozen,12.54,9.0,89.0,8.24,Dairy,High
2.0,Refrigerated,31.09,1.0,80.0,41.93,Meat,High
13.0,Frozen,45.38,17.0,31.0,9.97,Bakery,Low
10.0,RoomTemp,87.41,9.0,58.0,7.46,Bakery,Medium
12.0,Frozen,95.19,0.0,99.0,20.05,Dairy,High
13.0,Frozen,73.16,19.0,69.0,,Vegetables,Medium
6.0,Frozen,,12.0,98.0,38.54,Bakery,High
5.0,Refrigerated,2.12,13.0,87.0,27.33,Bakery,High
1.0,Frozen,5.82,3.0,81.0,40.99,Dairy,High
0.0,Refrigerated,7.84,9.0,56.0,10.09,Bakery,High
4.0,Refrigerated,67.58,18.0,76.0,15.79,Meat,Medium
4.0,RoomTemp,59.93,13.0,57.0,36.38,Meat,Medium
8.0,RoomTemp,28.43,19.0,61.0,38.96,Bakery,Medium
5.0,RoomTemp,82.92,20.0,96.0,10.47,Meat,High
5.0,Frozen,20.85,22.0,7.0,3.82,PreparedMeals,Medium
0.0,Refrigerated,43.8,19.0,30.0,34.57,Dairy,High
0.0,Frozen,14.29,7.0,17.0,18.97,Bakery,High
3.0,Frozen,42.3,11.0,68.0,44.43,Dairy,Medium
1.0,Refrigerated,8.62,1.0,79.0,33.63,Dairy,High
11.0,RoomTemp,91.01,16.0,73.0,42.7,Fruits,Medium
12.0,RoomTemp,96.56,6.0,21.0,25.41,PreparedMeals,Low
9.0,RoomTemp,56.12,1.0,28.0,16.01,Fruits,Low
4.0,Refrigerated,1.63,17.0,,34.56,PreparedMeals,Medium
8.0,Frozen,39.34,21.0,76.0,4.19,Fruits,Medium
7.0,Refrigerated,60.35,7.0,91.0,44.73,Vegetables,High
9.0,Refrigerated,93.66,13.0,15.0,30.95,PreparedMeals,Low
11.0,RoomTemp,79.43,2.0,45.0,36.36,Fruits,Low
7.0,Refrigerated,41.53,1.0,17.0,30.16,Meat,Low
9.0,Refrigerated,16.57,22.0,16.0,1.08,Bakery,Low
7.0,Frozen,81.86,4.0,32.0,36.57,Vegetables,Low
13.0,Frozen,37.72,6.0,72.0,30.83,Dairy,Medium
7.0,Frozen,58.15,22.0,56.0,2.66,Meat,Medium
2.0,Refrigerated,28.97,6.0,46.0,17.04,Bakery,High
1.0,Frozen,2.42,23.0,7.0,25.14,Dairy,High
7.0,RoomTemp,40.2,21.0,80.0,12.48,Fruits,Medium
8.0,Frozen,62.86,19.0,24.0,16.35,Fruits,Low
2.0,Refrigerated,94.76,23.0,65.0,2.37,Bakery,High
6.0,Frozen,62.62,1.0,48.0,13.75,Meat,Low
,RoomTemp,14.19,11.0,76.0,23.85,Dairy,Medium
6.0,Frozen,16.88,2.0,47.0,3.3,Meat,Low
10.0,RoomTemp,84.37,23.0,26.0,8.69,PreparedMeals,Low
7.0,RoomTemp,96.44,7.0,99.0,12.45,Fruits,High
11.0,Frozen,75.92,15.0,19.0,5.91,Meat,Low
13.0,Refrigerated,63.6,1.0,18.0,24.69,Bakery,Low
5.0,Frozen,60.69,12.0,48.0,14.57,Dairy,Medium
5.0,Refrigerated,83.9,19.0,15.0,28.75,Vegetables,Medium
13.0,Frozen,53.72,11.0,54.0,35.05,PreparedMeals,Medium
4.0,Frozen,19.87,5.0,75.0,14.46,Fruits,Medium
3.0,Frozen,6.15,11.0,79.0,3.08,Dairy,Medium
13.0,Frozen,10.7,22.0,81.0,29.59,Dairy,High
0.0,Frozen,54.06,3.0,75.0,18.8,Dairy,High
9.0,RoomTemp,70.41,0.0,49.0,,Fruits,Low
1.0,Refrigerated,7.55,17.0,88.0,25.76,Fruits,High
13.0,Refrigerated,10.35,5.0,41.0,3.17,PreparedMeals,Low
12.0,Frozen,20.32,1.0,6.0,36.66,Fruits,Low
6.0,RoomTemp,70.09,21.0,7.0,19.73,,Low
8.0,RoomTemp,49.89,22.0,91.0,21.46,Dairy,High
13.0,Refrigerated,69.52,13.0,95.0,11.95,Meat,High
4.0,Refrigerated,73.17,18.0,20.0,25.64,Dairy,Medium
2.0,Frozen,,7.0,62.0,25.82,Dairy,High
5.0,Refrigerated,16.46,22.0,20.0,40.54,Fruits,Medium
10.0,Refrigerated,9.42,10.0,70.0,26.4,Dairy,Medium
4.0,Refrigerated,20.43,16.0,54.0,24.3,Bakery,Medium
5.0,Refrigerated,60.71,12.0,72.0,3.47,PreparedMeals,Medium
8.0,Frozen,7.19,6.0,29.0,37.54,Dairy,Low
12.0,Frozen,84.14,8.0,34.0,46.83,Bakery,Low
8.0,Frozen,94.73,10.0,99.0,21.51,Dairy,
4.0,Refrigerated,66.05,19.0,45.0,21.46,Bakery,Medium
2.0,RoomTemp,97.72,19.0,17.0,34.63,Dairy,High
0.0,Refrigerated,75.09,10.0,47.0,13.22,Dairy,High
11.0,Refrigerated,7.63,12.0,48.0,25.43,Dairy,Low
8.0,Refrigerated,30.64,6.0,62.0,34.23,Fruits,Medium
6.0,Refrigerated,79.48,1.0,7.0,48.67,Bakery,Low
9.0,Frozen,79.26,4.0,78.0,28.06,Vegetables,Medium
6.0,RoomTemp,25.44,23.0,28.0,25.7,Fruits,Low
4.0,Refrigerated,29.48,20.0,98.0,45.14,PreparedMeals,High
8.0,Frozen,58.21,5.0,16.0,41.17,Vegetables,Low
14.0,RoomTemp,41.71,20.0,74.0,,Meat,Medium
13.0,RoomTemp,66.69,13.0,63.0,2.12,PreparedMeals,Medium
2.0,Refrigerated,40.3,12.0,41.0,43.19,PreparedMeals,High
11.0,RoomTemp,41.41,8.0,12.0,15.93,Meat,Low
6.0,Frozen,15.99,23.0,67.0,0.72,Dairy,Medium
10.0,Frozen,98.75,17.0,99.0,28.03,Vegetables,High
9.0,Frozen,61.17,23.0,61.0,4.42,,Medium
7.0,Refrigerated,13.31,5.0,54.0,14.53,PreparedMeals,Medium
13.0,Refrigerated,14.58,16.0,52.0,5.61,Fruits,
,Frozen,63.51,3.0,55.0,14.09,Fruits,Medium
9.0,Refrigerated,23.73,,24.0,26.04,PreparedMeals,Low
0.0,Frozen,74.06,1.0,81.0,34.49,Fruits,High
14.0,Frozen,65.51,7.0,69.0,24.5,Vegetables,Medium
13.0,Frozen,18.76,17.0,14.0,16.97,Bakery,
13.0,Refrigerated,20.7,13.0,11.0,30.36,Vegetables,Low
12.0,RoomTemp,93.91,23.0,0.0,47.28,Bakery,Low
10.0,Frozen,82.77,18.0,45.0,29.06,,Low
3.0,Refrigerated,12.9,,72.0,15.23,Meat,Medium
7.0,RoomTemp,74.15,,12.0,39.51,Vegetables,Low
6.0,Frozen,64.75,23.0,75.0,30.67,PreparedMeals,Medium
1.0,RoomTemp,67.57,13.0,57.0,21.01,Fruits,High
7.0,RoomTemp,4.72,3.0,22.0,27.37,PreparedMeals,Low
7.0,Frozen,80.58,12.0,81.0,41.28,Vegetables,High
5.0,Frozen,61.67,3.0,81.0,22.36,Fruits,High
4.0,Refrigerated,90.2,11.0,22.0,14.02,PreparedMeals,Medium
13.0,RoomTemp,13.97,10.0,19.0,4.8,Dairy,Low
13.0,RoomTemp,54.49,11.0,31.0,16.15,Meat,Low
12.0,RoomTemp,51.06,20.0,60.0,37.87,PreparedMeals,Medium
1.0,Refrigerated,59.52,4.0,62.0,22.61,Meat,High
4.0,Refrigerated,60.83,17.0,65.0,22.8,Fruits,Medium
2.0,RoomTemp,1.9,18.0,11.0,27.1,Dairy,High
14.0,Frozen,30.34,5.0,30.0,46.61,Dairy,Low
8.0,Frozen,81.43,10.0,65.0,38.76,Vegetables,Medium
6.0,Frozen,7.12,3.0,23.0,45.2,Dairy,Low
5.0,Refrigerated,58.35,8.0,12.0,,Fruits,Medium
10.0,Refrigerated,81.03,16.0,70.0,3.67,Fruits,Medium
2.0,Frozen,59.11,23.0,22.0,18.0,Fruits,
10.0,Frozen,20.47,2.0,49.0,29.45,Bakery,Low
10.0,RoomTemp,58.49,6.0,63.0,47.18,Meat,Medium
6.0,Frozen,1.01,8.0,39.0,9.59,PreparedMeals,Low
13.0,Refrigerated,27.89,7.0,87.0,16.2,Vegetables,High
,RoomTemp,34.93,14.0,72.0,21.23,Vegetables,High
11.0,RoomTemp,2.42,8.0,34.0,24.58,Dairy,Low
1.0,Refrigerated,97.45,21.0,62.0,22.42,Meat,High
0.0,RoomTemp,52.28,3.0,93.0,15.51,Vegetables,High
0.0,Refrigerated,35.0,18.0,32.0,34.96,PreparedMeals,High
8.0,RoomTemp,43.19,6.0,14.0,13.86,Dairy,Low
11.0,RoomTemp,80.64,8.0,5.0,20.84,Vegetables,Low
5.0,Frozen,43.33,15.0,41.0,12.74,Fruits,Medium
3.0,RoomTemp,94.46,15.0,48.0,24.47,Fruits,Medium
8.0,RoomTemp,24.91,11.0,88.0,2.47,Dairy,High
5.0,Frozen,77.25,22.0,66.0,45.73,PreparedMeals,Medium
8.0,RoomTemp,85.15,15.0,73.0,13.28,Meat,Medium
8.0,Frozen,43.84,16.0,98.0,8.28,Bakery,High
9.0,Refrigerated,15.18,17.0,12.0,25.04,Bakery,Low
2.0,Refrigerated,31.47,12.0,19.0,49.64,,High
11.0,Frozen,63.33,12.0,71.0,7.21,Bakery,Medium
7.0,Frozen,10.17,6.0,42.0,37.66,Meat,Low
4.0,Frozen,78.26,8.0,59.0,25.11,Vegetables,Medium
9.0,Frozen,29.46,18.0,10.0,37.74,Fruits,Low
6.0,Refrigerated,62.51,21.0,19.0,22.7,Bakery,Low
4.0,Refrigerated,67.89,18.0,85.0,42.75,Fruits,High
7.0,,6.93,12.0,74.0,16.12,PreparedMeals,Medium
10.0,RoomTemp,87.87,14.0,80.0,11.55,Dairy,Medium
13.0,Refrigerated,30.64,23.0,8.0,44.03,Bakery,Low
3.0,Frozen,78.59,17.0,66.0,38.73,Fruits,
0.0,RoomTemp,47.15,5.0,57.0,13.47,Vegetables,
4.0,RoomTemp,3.35,8.0,65.0,5.01,PreparedMeals,Medium
0.0,RoomTemp,41.71,22.0,46.0,22.68,Meat,High
11.0,RoomTemp,70.78,0.0,97.0,6.45,Vegetables,High
9.0,Frozen,2.07,4.0,37.0,42.7,Meat,Low
8.0,Refrigerated,83.02,19.0,12.0,,Bakery,Low
13.0,Refrigerated,74.42,1.0,92.0,5.19,Bakery,High
13.0,Frozen,4.21,20.0,17.0,35.35,PreparedMeals,Low
9.0,Refrigerated,49.45,13.0,80.0,2.5,Dairy,Medium
12.0,Frozen,62.09,5.0,64.0,38.3,Vegetables,Medium
13.0,Frozen,33.91,6.0,10.0,25.92,Meat,Low
11.0,Frozen,87.64,16.0,65.0,4.65,PreparedMeals,Medium
11.0,Frozen,13.43,14.0,63.0,44.44,Vegetables,Medium
12.0,Refrigerated,60.96,11.0,59.0,15.14,Vegetables,Medium
4.0,Frozen,16.26,22.0,50.0,39.31,PreparedMeals,Medium
3.0,Refrigerated,94.7,19.0,86.0,43.6,Vegetables,High
6.0,Frozen,74.45,12.0,52.0,12.34,Meat,Medium
1.0,Frozen,96.44,11.0,77.0,31.35,Bakery,
0.0,Refrigerated,31.87,14.0,34.0,18.52,,High
7.0,Frozen,76.47,23.0,90.0,20.82,Vegetables,High
10.0,Refrigerated,1.2,13.0,78.0,45.34,Bakery,Medium
11.0,Refrigerated,15.14,12.0,,20.82,Vegetables,Low
13.0,RoomTemp,91.47,13.0,68.0,21.73,Fruits,Medium
9.0,Frozen,51.38,19.0,93.0,41.57,Dairy,High
14.0,RoomTemp,82.23,15.0,61.0,46.5,Dairy,Medium
7.0,,24.46,3.0,3.0,29.6,Bakery,Low
9.0,Frozen,24.96,11.0,1.0,12.23,Meat,Low
10.0,Refrigerated,24.96,17.0,86.0,5.19,Meat,High
11.0,Refrigerated,24.14,15.0,34.0,32.9,Fruits,Low
9.0,Refrigerated,69.92,9.0,6.0,41.66,PreparedMeals,Low
9.0,Frozen,29.29,11.0,12.0,15.62,Dairy,Low
11.0,Refrigerated,75.28,8.0,40.0,22.87,Bakery,Low
3.0,Refrigerated,73.68,5.0,36.0,33.09,PreparedMeals,Medium
13.0,Refrigerated,46.31,4.0,64.0,42.74,PreparedMeals,Medium
11.0,Frozen,18.35,15.0,83.0,24.23,Meat,High
6.0,RoomTemp,19.34,4.0,70.0,19.17,PreparedMeals,Medium
4.0,Frozen,34.75,9.0,71.0,26.51,Fruits,Medium
8.0,RoomTemp,59.76,19.0,87.0,8.54,Meat,High
0.0,Refrigerated,45.98,16.0,10.0,8.34,Meat,High
0.0,Frozen,2.2,0.0,17.0,17.15,Bakery,High
6.0,Refrigerated,1.68,16.0,86.0,37.77,Dairy,High
7.0,RoomTemp,64.84,22.0,5.0,48.21,Fruits,Low
10.0,RoomTemp,63.96,23.0,34.0,8.9,PreparedMeals,Low
12.0,,40.38,1.0,54.0,21.77,Bakery,Medium
1.0,Frozen,90.88,16.0,36.0,28.83,Vegetables,High
3.0,RoomTemp,7.68,1.0,1.0,1.68,,Medium
7.0,Refrigerated,6.01,16.0,59.0,3.55,Vegetables,Medium
5.0,Frozen,76.14,3.0,15.0,2.81,Dairy,Medium
7.0,RoomTemp,9.77,4.0,1.0,36.14,PreparedMeals,Low
8.0,RoomTemp,2.79,7.0,16.0,16.16,Meat,Low
2.0,Refrigerated,78.2,18.0,89.0,30.68,Dairy,High
10.0,RoomTemp,92.03,17.0,11.0,10.93,Bakery,Low
1.0,Frozen,2.42,23.0,7.0,25.14,Dairy,High
7.0,Refrigerated,21.03,4.0,56.0,30.03,Fruits,Medium
,RoomTemp,60.99,5.0,47.0,11.54,PreparedMeals,Low
10.0,Refrigerated,2.5,3.0,52.0,34.79,Dairy,Medium
10.0,Frozen,39.88,18.0,6.0,2.37,Dairy,Low
4.0,RoomTemp,52.38,21.0,57.0,8.35,Dairy,Medium
11.0,Frozen,22.83,17.0,51.0,42.65,Bakery,Medium
5.0,Refrigerated,58.2,4.0,60.0,41.44,Fruits,Medium
14.0,RoomTemp,83.75,5.0,3.0,5.91,Bakery,Low
2.0,Frozen,2.13,19.0,96.0,45.87,Meat,High
13.0,RoomTemp,24.95,3.0,86.0,9.86,Dairy,High
0.0,Frozen,55.82,12.0,83.0,20.04,PreparedMeals,High
3.0,Frozen,71.61,18.0,38.0,1.66,Meat,Medium
13.0,Refrigerated,69.08,22.0,2.0,28.81,Bakery,Low
2.0,Refrigerated,21.12,,81.0,34.62,PreparedMeals,High
1.0,Frozen,27.06,22.0,18.0,18.3,Meat,High
5.0,Refrigerated,21.5,10.0,40.0,25.07,Meat,Medium
13.0,Frozen,34.59,21.0,10.0,34.65,Bakery,Low
7.0,Refrigerated,2.36,13.0,6.0,21.58,Dairy,Low
5.0,Refrigerated,84.86,7.0,28.0,47.47,PreparedMeals,Medium
12.0,Refrigerated,36.33,14.0,3.0,46.25,Meat,Low
9.0,Refrigerated,53.6,17.0,9.0,23.7,Meat,Low
7.0,Refrigerated,82.32,19.0,83.0,32.86,Vegetables,High
5.0,RoomTemp,76.32,10.0,23.0,37.99,Vegetables,Medium
1.0,RoomTemp,98.42,19.0,47.0,29.55,Dairy,High
1.0,,94.43,23.0,91.0,20.52,Bakery,High
13.0,RoomTemp,82.36,21.0,92.0,2.41,Bakery,High
2.0,Frozen,43.85,15.0,27.0,26.6,Dairy,High
13.0,Refrigerated,51.55,8.0,9.0,30.88,Meat,Low
3.0,Frozen,36.11,18.0,23.0,19.41,Meat,Medium
13.0,Frozen,44.01,0.0,77.0,27.93,Vegetables,Medium
14.0,RoomTemp,96.61,13.0,48.0,12.98,Bakery,Low
12.0,Refrigerated,2.28,2.0,92.0,11.91,Bakery,High
12.0,RoomTemp,18.75,19.0,24.0,21.86,Vegetables,Low
11.0,Refrigerated,15.99,5.0,,4.22,Bakery,Medium
13.0,RoomTemp,66.28,23.0,59.0,30.41,Bakery,Medium
1.0,Refrigerated,90.34,15.0,22.0,19.77,Bakery,High
10.0,Refrigerated,18.0,19.0,,41.69,Meat,Low
8.0,RoomTemp,90.89,19.0,65.0,0.98,Meat,Medium
7.0,Refrigerated,,0.0,49.0,38.3,Fruits,Low
4.0,Refrigerated,57.09,22.0,59.0,28.99,Fruits,Medium
0.0,RoomTemp,52.34,3.0,92.0,36.38,PreparedMeals,
6.0,Frozen,98.06,18.0,25.0,3.29,Fruits,Low
8.0,,17.82,22.0,48.0,17.19,Fruits,Low
9.0,Refrigerated,80.77,18.0,14.0,1.07,Vegetables,Low
5.0,Refrigerated,66.51,22.0,84.0,34.19,PreparedMeals,High
14.0,RoomTemp,93.89,12.0,54.0,29.37,Bakery,Medium
5.0,RoomTemp,5.95,8.0,75.0,9.15,Meat,Medium
9.0,Frozen,31.12,15.0,56.0,46.56,Meat,Medium
10.0,Frozen,79.83,17.0,55.0,16.09,Fruits,Medium
7.0,RoomTemp,67.05,8.0,54.0,22.09,Dairy,Medium
9.0,Frozen,50.56,1.0,54.0,36.63,Meat,Medium
7.0,Frozen,19.28,10.0,42.0,26.78,PreparedMeals,Low
4.0,RoomTemp,69.24,19.0,28.0,17.44,Bakery,Medium
6.0,RoomTemp,11.18,9.0,27.0,35.5,Meat,Low
3.0,RoomTemp,95.65,5.0,36.0,13.45,Meat,Medium
9.0,Frozen,73.54,14.0,31.0,7.42,PreparedMeals,Low
9.0,Frozen,96.68,2.0,11.0,46.53,Vegetables,Low
9.0,,14.32,20.0,30.0,21.88,Meat,Low
13.0,Frozen,43.84,20.0,72.0,47.2,Fruits,Medium
11.0,Refrigerated,8.04,12.0,64.0,32.05,Meat,Medium
6.0,Frozen,8.93,11.0,24.0,36.95,Vegetables,Low
0.0,Refrigerated,37.8,5.0,34.0,32.14,Meat,High
2.0,RoomTemp,80.86,16.0,31.0,27.61,Dairy,High
14.0,RoomTemp,21.7,23.0,81.0,15.81,Bakery,High
1.0,Frozen,78.95,5.0,65.0,45.99,Bakery,High
13.0,Refrigerated,72.98,16.0,19.0,3.23,Vegetables,Low
14.0,RoomTemp,76.68,4.0,48.0,36.09,PreparedMeals,Low
1.0,Refrigerated,21.67,9.0,76.0,16.32,Dairy,High
11.0,Refrigerated,1.43,17.0,4.0,27.42,PreparedMeals,
13.0,Refrigerated,63.39,16.0,85.0,34.56,Bakery,High
4.0,RoomTemp,11.93,14.0,91.0,2.03,Vegetables,High
2.0,Refrigerated,66.72,4.0,93.0,37.33,Bakery,High
14.0,RoomTemp,60.49,14.0,0.0,42.34,Fruits,Low
10.0,Frozen,16.01,0.0,15.0,4.38,Dairy,Low
8.0,Refrigerated,67.11,22.0,81.0,22.73,Bakery,High
5.0,Refrigerated,61.08,7.0,63.0,29.5,Dairy,Medium
3.0,Frozen,64.13,18.0,,18.65,Bakery,Medium
14.0,Refrigerated,80.2,13.0,87.0,36.38,PreparedMeals,High
0.0,RoomTemp,95.72,20.0,32.0,43.21,Bakery,High
7.0,Frozen,97.06,8.0,0.0,33.75,Fruits,Low
3.0,Refrigerated,2.61,19.0,49.0,19.86,PreparedMeals,Medium
12.0,Frozen,25.34,3.0,14.0,22.08,,Low
5.0,RoomTemp,96.81,13.0,58.0,12.06,PreparedMeals,Medium
14.0,Frozen,16.46,13.0,,47.46,Vegetables,Low
10.0,RoomTemp,21.55,1.0,28.0,35.65,Vegetables,Low
5.0,RoomTemp,82.75,9.0,61.0,3.4,Fruits,Medium
9.0,Frozen,71.73,0.0,90.0,8.76,Vegetables,High
11.0,Refrigerated,3.98,23.0,55.0,31.08,Bakery,Medium
12.0,Refrigerated,47.92,9.0,55.0,7.47,Bakery,Medium
0.0,Frozen,60.26,4.0,74.0,0.76,Fruits,High
13.0,Frozen,57.38,4.0,98.0,27.06,Vegetables,High
0.0,Frozen,21.06,22.0,59.0,24.38,Dairy,High
8.0,RoomTemp,80.46,1.0,32.0,19.75,Vegetables,Low
8.0,Frozen,37.37,22.0,67.0,25.57,Vegetables,Medium
12.0,Frozen,28.6,7.0,61.0,3.99,Bakery,Medium
10.0,Frozen,30.66,10.0,70.0,16.06,Meat,Medium
12.0,RoomTemp,36.66,3.0,32.0,35.88,Vegetables,Low
6.0,Refrigerated,81.16,23.0,58.0,29.92,Meat,Medium
0.0,Frozen,38.53,6.0,12.0,10.79,Dairy,High
13.0,Frozen,76.34,,56.0,6.81,PreparedMeals,Medium
0.0,Refrigerated,80.86,21.0,12.0,37.95,Bakery,High
5.0,Refrigerated,96.03,13.0,75.0,19.46,Fruits,Medium
14.0,Frozen,73.29,11.0,65.0,22.15,Bakery,Medium
3.0,Refrigerated,34.79,5.0,0.0,13.56,Bakery,Medium
14.0,RoomTemp,45.58,17.0,77.0,44.11,Bakery,Medium
1.0,Frozen,17.57,19.0,95.0,17.15,Dairy,High
11.0,Refrigerated,99.39,8.0,44.0,26.25,Fruits,Low
8.0,RoomTemp,4.99,12.0,7.0,22.47,PreparedMeals,Low
6.0,RoomTemp,64.77,15.0,15.0,14.58,Meat,Low
0.0,RoomTemp,88.98,1.0,99.0,39.11,Dairy,High
9.0,Refrigerated,50.51,3.0,92.0,24.95,Vegetables,High
8.0,Frozen,97.56,23.0,88.0,33.34,Bakery,High
0.0,RoomTemp,84.96,22.0,28.0,2.5,Vegetables,High
8.0,,1.78,8.0,52.0,27.26,Meat,Medium
9.0,RoomTemp,86.6,11.0,53.0,1.6,Meat,
0.0,RoomTemp,8.85,9.0,57.0,49.03,Dairy,High
0.0,Refrigerated,15.39,17.0,47.0,16.97,Bakery,High
5.0,RoomTemp,86.58,17.0,7.0,40.4,Vegetables,Medium
14.0,RoomTemp,95.84,12.0,94.0,17.29,Meat,High
2.0,Refrigerated,54.9,5.0,14.0,32.88,Meat,High
9.0,Frozen,29.46,18.0,10.0,37.74,Fruits,Low
8.0,Refrigerated,50.54,10.0,,8.56,Bakery,Low
13.0,Refrigerated,79.87,17.0,62.0,29.22,Fruits,Medium
7.0,Refrigerated,82.61,1.0,50.0,14.21,Meat,Low
6.0,RoomTemp,19.34,18.0,9.0,10.58,PreparedMeals,Low
11.0,Frozen,73.57,20.0,47.0,29.25,Vegetables,Low
14.0,RoomTemp,2.35,16.0,2.0,29.68,,
7.0,RoomTemp,79.47,13.0,76.0,26.49,Vegetables,Medium
14.0,RoomTemp,93.36,10.0,6.0,47.31,Dairy,Low
12.0,Refrigerated,38.08,7.0,74.0,28.11,Bakery,Medium
5.0,RoomTemp,71.03,9.0,16.0,5.4,Vegetables,Medium
8.0,RoomTemp,42.4,5.0,36.0,29.5,Bakery,Low
4.0,Refrigerated,23.04,11.0,47.0,27.3,Bakery,Medium
0.0,Frozen,36.35,2.0,60.0,10.21,Dairy,High
9.0,Refrigerated,3.84,11.0,76.0,44.15,Dairy,Medium
7.0,Refrigerated,15.11,17.0,36.0,25.16,Dairy,Low
12.0,Refrigerated,44.82,21.0,96.0,19.81,Vegetables,High
0.0,RoomTemp,75.63,9.0,42.0,39.36,Fruits,High
5.0,Refrigerated,31.37,15.0,63.0,20.16,PreparedMeals,Medium
10.0,RoomTemp,86.44,12.0,38.0,9.96,Dairy,Low
3.0,RoomTemp,72.11,17.0,98.0,,Dairy,High
0.0,Refrigerated,65.78,18.0,36.0,23.09,PreparedMeals,High
8.0,Frozen,27.92,4.0,19.0,37.29,Vegetables,Low
11.0,Frozen,38.83,17.0,2.0,29.19,Meat,Low
13.0,Frozen,48.08,6.0,84.0,,Vegetables,High
2.0,RoomTemp,16.05,12.0,74.0,39.95,Vegetables,High
11.0,RoomTemp,35.38,20.0,4.0,24.78,Vegetables,Low
6.0,Refrigerated,50.63,1.0,64.0,38.04,Vegetables,Medium
,Refrigerated,52.62,7.0,23.0,4.4,Fruits,Medium
7.0,Refrigerated,24.58,9.0,65.0,34.03,Vegetables,Medium
10.0,RoomTemp,43.84,2.0,47.0,40.71,Dairy,Low
12.0,RoomTemp,43.32,20.0,32.0,22.29,Fruits,Low
10.0,RoomTemp,93.86,22.0,37.0,36.69,PreparedMeals,Low
11.0,Refrigerated,86.31,23.0,49.0,26.66,Fruits,Low
12.0,Frozen,44.48,16.0,81.0,1.54,Meat,High
10.0,Frozen,58.51,19.0,63.0,32.29,Meat,Medium
1.0,Frozen,53.56,10.0,1.0,4.36,Dairy,High
1.0,RoomTemp,56.06,21.0,0.0,18.89,Meat,High
0.0,Refrigerated,62.78,22.0,,35.74,Bakery,High
3.0,RoomTemp,62.72,18.0,,39.04,Bakery,Medium
3.0,Frozen,51.87,16.0,60.0,13.0,Bakery,Medium
,Frozen,,17.0,19.0,11.81,Dairy,Low
9.0,Frozen,99.56,6.0,88.0,48.7,Dairy,High
11.0,Refrigerated,98.85,2.0,64.0,40.12,Vegetables,Medium
14.0,RoomTemp,22.83,20.0,36.0,5.33,Vegetables,Low
12.0,RoomTemp,15.26,12.0,46.0,9.47,Fruits,Low
10.0,Refrigerated,88.72,18.0,36.0,22.32,PreparedMeals,Low
11.0,Refrigerated,60.01,16.0,87.0,39.6,Vegetables,High
4.0,RoomTemp,66.99,5.0,57.0,41.34,Dairy,Medium
10.0,Refrigerated,28.25,21.0,34.0,13.79,PreparedMeals,Low
9.0,Refrigerated,74.05,5.0,37.0,34.61,PreparedMeals,Low
1.0,Refrigerated,45.22,9.0,62.0,21.87,Dairy,
1.0,Frozen,83.71,1.0,49.0,7.45,Dairy,High
7.0,Frozen,63.35,14.0,28.0,9.47,Vegetables,Low
12.0,Frozen,77.12,12.0,40.0,47.32,Vegetables,Low
12.0,Frozen,58.86,,75.0,15.41,PreparedMeals,Medium
6.0,Frozen,35.96,10.0,14.0,39.19,Dairy,Low
11.0,Frozen,89.67,11.0,32.0,3.24,Bakery,Low
11.0,RoomTemp,76.67,7.0,80.0,42.17,Bakery,Medium
14.0,RoomTemp,56.13,13.0,5.0,28.63,Vegetables,Low
10.0,Frozen,15.14,15.0,19.0,27.32,Meat,Low
3.0,RoomTemp,42.5,23.0,64.0,4.72,Vegetables,Medium
6.0,RoomTemp,11.09,5.0,96.0,17.53,PreparedMeals,High
0.0,RoomTemp,52.35,9.0,83.0,22.78,PreparedMeals,High
10.0,RoomTemp,95.13,12.0,22.0,21.99,Dairy,Low
5.0,RoomTemp,61.44,22.0,40.0,11.54,Fruits,Medium
2.0,Frozen,64.83,4.0,82.0,34.03,Fruits,High
1.0,RoomTemp,88.41,15.0,19.0,26.85,Dairy,High
3.0,Refrigerated,14.41,6.0,59.0,20.58,Meat,Medium
0.0,RoomTemp,9.14,7.0,17.0,39.27,Vegetables,High
8.0,RoomTemp,95.81,10.0,29.0,24.85,Fruits,Low
6.0,Refrigerated,81.62,0.0,50.0,19.99,PreparedMeals,Low
0.0,Refrigerated,81.02,5.0,55.0,44.57,Bakery,High
8.0,RoomTemp,67.61,21.0,87.0,21.52,Fruits,High
12.0,Frozen,48.61,1.0,0.0,23.28,Vegetables,Low
12.0,RoomTemp,18.34,2.0,38.0,43.63,,Low
11.0,RoomTemp,91.08,15.0,25.0,44.81,Bakery,Low
0.0,Refrigerated,76.11,11.0,35.0,18.29,Bakery,High
2.0,RoomTemp,19.67,0.0,20.0,34.07,PreparedMeals,High
9.0,Refrigerated,37.41,19.0,21.0,5.18,Bakery,Low
12.0,RoomTemp,15.14,7.0,1.0,33.62,PreparedMeals,Low
14.0,Refrigerated,15.2,5.0,76.0,29.14,Vegetables,Medium
12.0,RoomTemp,11.08,15.0,87.0,49.95,Fruits,High
7.0,Frozen,81.65,17.0,74.0,45.12,Meat,Medium
6.0,Refrigerated,37.85,10.0,79.0,3.76,Dairy,Medium
3.0,Refrigerated,66.97,12.0,12.0,30.85,Meat,
12.0,RoomTemp,41.14,8.0,2.0,28.76,Meat,Low
13.0,RoomTemp,36.69,19.0,9.0,33.87,Vegetables,Low
4.0,Frozen,75.59,5.0,71.0,3.36,PreparedMeals,Medium
2.0,RoomTemp,82.72,6.0,95.0,23.04,Meat,High
,,71.59,1.0,78.0,23.94,PreparedMeals,Medium
9.0,Refrigerated,21.87,4.0,29.0,14.85,Bakery,Low
1.0,Refrigerated,55.78,16.0,22.0,6.59,PreparedMeals,High
6.0,RoomTemp,31.47,19.0,27.0,11.36,Meat,Low
12.0,Frozen,58.11,14.0,38.0,17.0,Fruits,Low
4.0,Frozen,96.19,3.0,99.0,32.4,PreparedMeals,High
6.0,Frozen,10.57,10.0,41.0,13.11,Meat,Low
0.0,Frozen,59.69,15.0,58.0,47.56,Bakery,
0.0,Refrigerated,,20.0,56.0,32.51,Dairy,High
5.0,Refrigerated,75.33,3.0,1.0,48.81,Bakery,Medium
2.0,RoomTemp,53.61,13.0,64.0,22.94,Meat,High
1.0,RoomTemp,26.73,21.0,37.0,27.45,Dairy,High
1.0,Refrigerated,99.08,11.0,92.0,12.66,PreparedMeals,High
6.0,RoomTemp,55.1,17.0,78.0,33.92,Meat,Medium
12.0,Refrigerated,78.83,21.0,60.0,37.44,Fruits,Medium
1.0,RoomTemp,70.81,20.0,61.0,24.32,PreparedMeals,High
11.0,Refrigerated,56.83,20.0,65.0,14.83,Dairy,Medium
12.0,Frozen,68.86,22.0,62.0,34.69,Dairy,Medium
3.0,RoomTemp,25.98,14.0,17.0,4.65,Meat,Medium
8.0,Refrigerated,86.69,9.0,10.0,28.16,Dairy,Low
0.0,Refrigerated,10.44,,86.0,38.26,Dairy,High
0.0,RoomTemp,71.55,16.0,61.0,28.24,Bakery,High
2.0,Frozen,7.77,3.0,29.0,22.18,Bakery,High
5.0,Frozen,75.25,13.0,10.0,25.73,Bakery,Medium
11.0,RoomTemp,39.93,22.0,16.0,4.69,,
6.0,Refrigerated,,23.0,30.0,8.84,Meat,
4.0,Refrigerated,23.38,0.0,99.0,24.06,Meat,High
7.0,RoomTemp,3.54,20.0,39.0,25.59,Fruits,Low
14.0,Frozen,3.73,14.0,65.0,25.46,Meat,Medium
12.0,Frozen,67.97,12.0,30.0,25.13,PreparedMeals,Low
2.0,Frozen,68.1,21.0,16.0,40.39,Fruits,High
4.0,Refrigerated,46.71,14.0,39.0,31.71,Meat,Medium
12.0,Refrigerated,,23.0,62.0,20.89,Dairy,Medium
0.0,Frozen,53.44,21.0,37.0,29.17,Vegetables,High
9.0,RoomTemp,,,30.0,46.17,Meat,Low
4.0,Frozen,28.3,2.0,81.0,38.37,PreparedMeals,High
8.0,Frozen,88.44,22.0,26.0,43.12,PreparedMeals,Low
6.0,RoomTemp,25.75,8.0,91.0,47.27,Dairy,High
10.0,RoomTemp,76.61,22.0,21.0,1.08,PreparedMeals,Low
10.0,Refrigerated,95.85,0.0,80.0,46.64,Fruits,Medium
0.0,RoomTemp,54.03,1.0,52.0,27.01,PreparedMeals,High
2.0,Refrigerated,58.19,20.0,91.0,38.88,Meat,High
0.0,Refrigerated,18.08,2.0,23.0,47.86,,High
7.0,RoomTemp,60.75,16.0,97.0,10.92,Vegetables,High
3.0,Frozen,25.59,20.0,34.0,6.85,Vegetables,Medium
9.0,Refrigerated,88.73,16.0,53.0,,Fruits,Medium
0.0,,43.1,3.0,28.0,33.6,PreparedMeals,High
6.0,Frozen,3.31,15.0,89.0,48.0,PreparedMeals,High
11.0,Refrigerated,62.01,10.0,53.0,43.52,Vegetables,Medium
12.0,Refrigerated,39.8,7.0,35.0,49.66,PreparedMeals,Low
9.0,Refrigerated,13.84,2.0,31.0,20.11,Fruits,Low
0.0,Frozen,43.91,6.0,,11.45,Dairy,High
8.0,Refrigerated,38.71,,14.0,32.36,PreparedMeals,Low
10.0,Frozen,38.94,16.0,77.0,16.01,PreparedMeals,Medium
1.0,Frozen,38.35,14.0,95.0,48.62,Vegetables,High
9.0,RoomTemp,,3.0,97.0,18.09,Fruits,High
0.0,RoomTemp,31.97,23.0,38.0,31.08,Fruits,High
12.0,Frozen,3.22,16.0,37.0,11.45,Vegetables,Low
1.0,Frozen,40.5,6.0,8.0,,PreparedMeals,High
6.0,Refrigerated,57.23,12.0,72.0,25.2,Fruits,Medium
5.0,Frozen,42.85,8.0,58.0,10.41,PreparedMeals,Medium
14.0,RoomTemp,32.8,5.0,32.0,2.69,,Low
1.0,Refrigerated,14.89,7.0,10.0,8.86,Meat,High
2.0,RoomTemp,60.33,7.0,97.0,48.3,Fruits,High
10.0,Refrigerated,28.2,12.0,26.0,5.43,Bakery,Low
13.0,Frozen,30.43,16.0,27.0,8.47,Meat,Low
1.0,Frozen,78.35,2.0,63.0,23.02,Meat,High
11.0,Frozen,63.74,6.0,81.0,19.6,Fruits,High
12.0,Refrigerated,85.64,3.0,97.0,44.45,PreparedMeals,
11.0,RoomTemp,30.23,22.0,28.0,9.98,Fruits,Low
7.0,Frozen,41.44,21.0,92.0,32.19,Vegetables,High
5.0,Frozen,49.02,2.0,66.0,32.54,PreparedMeals,Medium
4.0,Frozen,34.03,22.0,61.0,2.72,Vegetables,Medium
,Frozen,29.65,6.0,9.0,14.13,PreparedMeals,Low
3.0,Refrigerated,17.11,14.0,4.0,24.52,PreparedMeals,Medium
6.0,Frozen,11.24,20.0,69.0,5.64,Dairy,Medium
14.0,Frozen,61.17,5.0,21.0,10.71,Bakery,Low
9.0,RoomTemp,7.78,5.0,11.0,33.84,Meat,Low
4.0,Frozen,95.14,1.0,97.0,17.31,Dairy,High
1.0,Frozen,98.09,20.0,67.0,44.54,Vegetables,High
1.0,RoomTemp,54.37,0.0,89.0,42.59,PreparedMeals,High
11.0,Frozen,69.56,11.0,56.0,6.56,Bakery,Medium
2.0,Frozen,88.95,12.0,,33.5,Meat,High
13.0,RoomTemp,91.91,4.0,68.0,43.63,PreparedMeals,Medium
6.0,RoomTemp,,4.0,84.0,36.75,PreparedMeals,High
7.0,RoomTemp,22.25,0.0,51.0,4.94,Fruits,Medium
5.0,RoomTemp,32.21,17.0,40.0,28.54,Bakery,Medium
2.0,RoomTemp,64.51,13.0,25.0,47.54,PreparedMeals,High
1.0,Refrigerated,73.71,22.0,37.0,0.91,Meat,High
13.0,Refrigerated,86.36,4.0,48.0,40.89,Vegetables,Low
11.0,Frozen,71.72,8.0,15.0,23.51,PreparedMeals,Low
1.0,Refrigerated,74.96,6.0,94.0,17.18,Dairy,High
8.0,Frozen,86.02,11.0,33.0,6.21,Bakery,Low
3.0,RoomTemp,57.82,18.0,76.0,44.92,Fruits,Medium
4.0,Frozen,50.74,11.0,28.0,12.77,Fruits,Medium
10.0,,40.39,1.0,18.0,44.89,Fruits,Low
4.0,Refrigerated,90.11,15.0,59.0,2.48,Meat,Medium
13.0,Frozen,76.34,9.0,32.0,33.26,Fruits,Low
10.0,RoomTemp,58.74,14.0,17.0,24.52,Meat,Low
4.0,Frozen,8.48,22.0,73.0,32.29,Dairy,Medium
4.0,RoomTemp,23.38,3.0,21.0,23.45,Bakery,Medium
9.0,Refrigerated,72.48,19.0,42.0,41.54,Meat,Low
4.0,Frozen,43.77,6.0,28.0,31.35,PreparedMeals,Medium
,RoomTemp,60.09,9.0,7.0,17.65,Vegetables,Low
1.0,Refrigerated,77.34,17.0,59.0,28.69,Bakery,
11.0,Refrigerated,74.05,20.0,54.0,37.06,Dairy,Medium
14.0,Refrigerated,2.89,20.0,75.0,3.76,Vegetables,Medium
6.0,RoomTemp,39.92,1.0,63.0,20.2,Bakery,Medium
14.0,Frozen,1.06,1.0,70.0,6.73,Vegetables,Medium
11.0,RoomTemp,89.1,23.0,94.0,44.08,Vegetables,High
12.0,Frozen,96.72,23.0,19.0,30.67,Bakery,Low
3.0,Frozen,5.64,10.0,25.0,,PreparedMeals,Medium
2.0,Refrigerated,82.25,22.0,46.0,7.92,Vegetables,High
5.0,Frozen,36.56,12.0,9.0,28.75,Vegetables,Medium
8.0,,57.55,17.0,14.0,38.16,Meat,Low
11.0,Refrigerated,39.53,13.0,79.0,13.93,PreparedMeals,Medium
12.0,Refrigerated,37.47,20.0,12.0,10.94,Vegetables,Low
3.0,RoomTemp,47.3,6.0,86.0,13.62,Dairy,High
14.0,RoomTemp,56.65,16.0,24.0,41.12,Vegetables,Low
13.0,Frozen,92.89,9.0,37.0,48.67,Meat,
11.0,Refrigerated,69.54,15.0,68.0,40.5,Fruits,Medium
1.0,Frozen,26.19,3.0,62.0,42.8,Fruits,High
2.0,RoomTemp,19.38,3.0,56.0,17.38,Dairy,High
14.0,RoomTemp,24.1,11.0,69.0,9.22,Dairy,Medium
14.0,RoomTemp,50.17,22.0,4.0,46.66,Vegetables,Low
1.0,Frozen,49.74,22.0,88.0,41.86,Dairy,High
1.0,RoomTemp,34.7,1.0,57.0,27.12,Vegetables,High
6.0,Frozen,54.02,14.0,52.0,17.43,Bakery,Medium
1.0,Frozen,69.41,19.0,99.0,10.27,Meat,High
3.0,RoomTemp,85.52,0.0,85.0,16.61,Meat,High
4.0,RoomTemp,58.09,22.0,24.0,36.15,Bakery,Medium
12.0,RoomTemp,9.84,19.0,71.0,5.95,Fruits,Medium
2.0,Frozen,55.68,8.0,91.0,34.64,Vegetables,High
6.0,RoomTemp,30.11,10.0,16.0,20.9,Vegetables,Low
1.0,RoomTemp,10.05,15.0,22.0,4.08,Fruits,High
3.0,Refrigerated,96.54,12.0,38.0,43.61,Vegetables,Medium
4.0,RoomTemp,75.34,3.0,30.0,49.19,Meat,Medium
5.0,Frozen,37.94,4.0,47.0,40.17,PreparedMeals,Medium
0.0,Refrigerated,20.39,10.0,79.0,,Fruits,High
0.0,Refrigerated,51.6,15.0,95.0,13.01,Meat,High
7.0,Frozen,1.13,16.0,0.0,49.47,Bakery,Low
13.0,Refrigerated,86.4,22.0,45.0,10.0,Fruits,Low
2.0,Refrigerated,63.8,,24.0,21.08,Dairy,High
4.0,Frozen,1.88,6.0,67.0,47.28,Bakery,Medium
7.0,Frozen,58.25,10.0,31.0,23.8,Dairy,Low
0.0,Frozen,48.21,13.0,26.0,30.06,Fruits,High
3.0,Frozen,,3.0,10.0,26.17,PreparedMeals,Medium
8.0,Refrigerated,70.84,17.0,92.0,21.56,Fruits,High
0.0,Frozen,29.51,23.0,5.0,26.1,PreparedMeals,High
6.0,RoomTemp,67.71,2.0,98.0,40.63,PreparedMeals,High
4.0,RoomTemp,24.95,8.0,93.0,30.45,Dairy,High
0.0,Refrigerated,27.68,1.0,54.0,21.31,PreparedMeals,High
4.0,Frozen,35.31,19.0,89.0,16.32,Vegetables,High
0.0,Frozen,36.64,,38.0,33.59,Fruits,High
5.0,Refrigerated,76.26,2.0,36.0,8.16,Vegetables,Medium
4.0,Refrigerated,86.97,1.0,73.0,3.82,Bakery,Medium
7.0,Refrigerated,77.39,3.0,44.0,15.59,PreparedMeals,Low
1.0,RoomTemp,6.08,8.0,33.0,37.15,Bakery,High
4.0,Refrigerated,44.55,2.0,58.0,33.55,Meat,Medium
4.0,Refrigerated,3.47,7.0,77.0,34.95,Fruits,Medium
9.0,RoomTemp,50.97,5.0,53.0,26.33,Fruits,Medium
5.0,Frozen,2.89,0.0,18.0,22.86,Vegetables,Medium
7.0,RoomTemp,95.1,3.0,76.0,18.73,Vegetables,Medium
7.0,Frozen,56.1,9.0,29.0,30.17,Vegetables,Low
11.0,Frozen,29.95,22.0,23.0,30.89,Vegetables,Low
13.0,Frozen,5.2,6.0,73.0,10.0,Vegetables,Medium
0.0,RoomTemp,20.72,4.0,11.0,21.79,Bakery,High
5.0,Frozen,82.4,4.0,,2.67,Dairy,High
7.0,Refrigerated,93.5,12.0,38.0,5.03,Bakery,Low
3.0,Refrigerated,45.11,11.0,39.0,4.92,Bakery,Medium
0.0,RoomTemp,,3.0,69.0,14.75,Fruits,High
5.0,Frozen,37.8,18.0,68.0,3.79,Fruits,Medium
9.0,Refrigerated,29.14,17.0,74.0,47.39,Vegetables,Medium
14.0,Frozen,63.0,12.0,42.0,45.03,Bakery,Low
2.0,Refrigerated,5.15,14.0,37.0,35.39,Fruits,High
0.0,Refrigerated,4.43,11.0,35.0,45.6,PreparedMeals,High
3.0,Frozen,49.3,3.0,,20.41,Meat,Medium
13.0,Frozen,59.72,20.0,16.0,7.36,Dairy,Low
10.0,Frozen,65.28,10.0,81.0,13.47,Meat,High
7.0,Frozen,56.09,10.0,24.0,36.16,Meat,Low
4.0,Refrigerated,30.3,14.0,73.0,25.47,Vegetables,Medium
4.0,Frozen,54.6,12.0,13.0,2.51,Vegetables,Medium
13.0,Frozen,70.26,0.0,85.0,41.75,Dairy,High
9.0,Refrigerated,,15.0,46.0,26.96,Meat,Low
10.0,Frozen,47.91,1.0,99.0,47.14,Dairy,High
2.0,Frozen,77.09,1.0,58.0,7.62,Fruits,High
13.0,RoomTemp,97.1,16.0,3.0,22.2,Dairy,Low
13.0,Frozen,68.07,15.0,58.0,46.96,Meat,Medium
,RoomTemp,20.45,20.0,67.0,43.73,PreparedMeals,Medium
14.0,Refrigerated,44.33,9.0,69.0,20.02,Dairy,Medium
6.0,RoomTemp,33.7,12.0,97.0,5.01,Meat,High
11.0,Refrigerated,19.16,1.0,23.0,27.71,Bakery,Low
9.0,Refrigerated,72.16,13.0,79.0,28.56,Bakery,Medium
5.0,Refrigerated,96.05,19.0,59.0,18.5,PreparedMeals,Medium
14.0,Frozen,51.2,9.0,67.0,44.74,Vegetables,Medium
0.0,Refrigerated,84.01,9.0,81.0,26.61,Meat,High
7.0,Refrigerated,16.91,14.0,81.0,30.77,Fruits,High
0.0,RoomTemp,48.65,10.0,79.0,8.3,Bakery,High
9.0,Refrigerated,28.36,,78.0,16.67,Meat,Medium
4.0,Frozen,20.33,19.0,16.0,33.36,Fruits,Medium
9.0,Frozen,39.48,5.0,88.0,39.7,Bakery,High
5.0,RoomTemp,43.44,12.0,66.0,33.46,Bakery,Medium
3.0,Frozen,46.06,9.0,68.0,17.0,Vegetables,Medium
9.0,RoomTemp,,0.0,51.0,30.86,,Medium
2.0,RoomTemp,60.9,10.0,88.0,32.42,Dairy,High
2.0,Refrigerated,54.63,17.0,7.0,24.79,Bakery,High
5.0,RoomTemp,97.36,4.0,70.0,24.99,PreparedMeals,Medium
1.0,Frozen,6.28,1.0,78.0,6.8,Meat,High
7.0,Frozen,28.42,18.0,22.0,5.72,Vegetables,Low
8.0,Refrigerated,34.92,10.0,16.0,47.57,Vegetables,Low
4.0,Refrigerated,42.91,1.0,45.0,43.2,Vegetables,Medium
6.0,,18.29,17.0,42.0,13.5,Bakery,Low
2.0,RoomTemp,23.71,12.0,16.0,31.63,Vegetables,High
12.0,Frozen,36.75,15.0,61.0,12.87,Vegetables,Medium
12.0,Frozen,23.6,12.0,47.0,9.86,Meat,Low
3.0,Frozen,83.53,4.0,68.0,48.13,PreparedMeals,Medium
2.0,Frozen,86.74,19.0,19.0,21.54,PreparedMeals,High
11.0,Refrigerated,78.17,15.0,4.0,22.72,PreparedMeals,Low
5.0,Frozen,29.29,10.0,91.0,28.51,Fruits,High
11.0,RoomTemp,11.43,7.0,29.0,6.43,Vegetables,Low
4.0,Frozen,66.52,20.0,20.0,22.98,Fruits,Medium
11.0,Refrigerated,,14.0,76.0,2.94,Vegetables,Medium
2.0,Refrigerated,37.59,15.0,8.0,24.86,Dairy,High
13.0,RoomTemp,1.0,21.0,18.0,12.95,Meat,Low
0.0,RoomTemp,44.22,6.0,88.0,19.48,Bakery,High
11.0,Frozen,54.26,19.0,20.0,24.58,Bakery,Low
0.0,Refrigerated,27.68,1.0,54.0,21.31,PreparedMeals,High
10.0,RoomTemp,23.64,12.0,19.0,19.82,PreparedMeals,Low
14.0,Frozen,75.59,,60.0,6.75,Dairy,Medium
8.0,Frozen,54.49,23.0,74.0,16.71,Vegetables,Medium
12.0,RoomTemp,8.82,3.0,45.0,,PreparedMeals,Low
4.0,Frozen,88.22,17.0,7.0,48.82,Dairy,Medium
14.0,RoomTemp,29.29,2.0,44.0,46.2,Dairy,Low
9.0,RoomTemp,27.58,5.0,28.0,40.71,Dairy,Low
5.0,Frozen,77.93,11.0,0.0,10.14,Fruits,Medium
10.0,Refrigerated,35.2,20.0,82.0,5.43,Bakery,High
0.0,Refrigerated,48.73,9.0,83.0,15.78,Dairy,High
0.0,Frozen,68.58,18.0,58.0,25.35,PreparedMeals,High
0.0,Refrigerated,88.42,2.0,20.0,30.94,Vegetables,High
14.0,Refrigerated,93.54,7.0,8.0,46.69,Meat,Low
2.0,RoomTemp,,6.0,83.0,39.56,Bakery,High
7.0,,39.34,7.0,39.0,1.13,Meat,Low
4.0,Frozen,31.67,11.0,61.0,1.14,PreparedMeals,Medium
0.0,Refrigerated,64.53,11.0,93.0,45.11,Dairy,High
0.0,Refrigerated,5.12,4.0,40.0,18.18,Dairy,High
6.0,Frozen,48.26,,56.0,28.81,Dairy,Medium
3.0,Refrigerated,58.3,13.0,77.0,45.11,Bakery,Medium
7.0,RoomTemp,57.6,20.0,58.0,33.68,Fruits,Medium
0.0,Frozen,75.87,20.0,99.0,43.88,Dairy,High
10.0,RoomTemp,90.52,2.0,41.0,34.04,Fruits,Low
2.0,RoomTemp,4.57,16.0,49.0,13.23,PreparedMeals,High
10.0,Refrigerated,75.87,2.0,84.0,39.74,Fruits,High
1.0,RoomTemp,5.79,14.0,44.0,43.25,Meat,High
1.0,Refrigerated,37.78,4.0,24.0,12.18,Dairy,High
14.0,RoomTemp,50.81,11.0,60.0,49.32,Vegetables,Medium
10.0,Frozen,59.94,10.0,97.0,8.5,Vegetables,High
4.0,Frozen,38.02,20.0,48.0,44.54,Dairy,Medium
3.0,Frozen,41.82,19.0,13.0,36.76,Bakery,Medium
10.0,Frozen,81.3,13.0,1.0,47.06,Meat,Low
10.0,Frozen,2.74,16.0,4.0,,Dairy,Low
13.0,Refrigerated,44.26,2.0,65.0,3.55,Meat,Medium
8.0,Refrigerated,62.61,2.0,32.0,34.46,Bakery,Low
13.0,RoomTemp,26.39,14.0,9.0,48.21,Fruits,Low
14.0,Refrigerated,99.57,7.0,89.0,22.82,Meat,High
2.0,Frozen,40.78,23.0,68.0,47.19,Vegetables,High
7.0,RoomTemp,88.72,12.0,47.0,5.34,Vegetables,Low
11.0,Refrigerated,15.73,5.0,43.0,32.58,Bakery,Low
6.0,Frozen,35.19,23.0,31.0,6.11,,Low
7.0,RoomTemp,21.23,20.0,39.0,10.31,PreparedMeals,Low
7.0,,10.11,6.0,98.0,39.0,PreparedMeals,High
7.0,Frozen,41.35,16.0,76.0,22.43,Bakery,Medium
10.0,,46.02,17.0,72.0,9.2,Meat,Medium
7.0,,38.16,15.0,63.0,5.0,Bakery,Medium
5.0,Frozen,33.13,9.0,6.0,2.12,Dairy,Medium
13.0,Refrigerated,51.09,17.0,32.0,30.58,Meat,Low
2.0,Frozen,86.12,15.0,23.0,14.8,Fruits,High
5.0,Frozen,62.3,3.0,95.0,,Bakery,High
4.0,Frozen,36.03,4.0,81.0,1.71,Meat,High
,Frozen,67.64,8.0,79.0,30.42,Fruits,Medium
3.0,RoomTemp,67.96,1.0,68.0,20.49,Dairy,Medium
13.0,RoomTemp,11.43,19.0,96.0,5.6,Meat,High
1.0,Refrigerated,73.16,15.0,67.0,5.5,PreparedMeals,High
0.0,Refrigerated,26.71,19.0,1.0,10.86,Dairy,High
5.0,Refrigerated,16.96,6.0,60.0,34.61,PreparedMeals,Medium
2.0,Frozen,21.26,8.0,35.0,43.64,Meat,High
0.0,Refrigerated,31.34,20.0,47.0,6.77,Dairy,High
4.0,RoomTemp,74.48,2.0,24.0,30.04,PreparedMeals,Medium
9.0,Refrigerated,2.68,11.0,18.0,2.51,Meat,Low
8.0,RoomTemp,28.59,18.0,74.0,33.37,Dairy,
13.0,Frozen,99.04,15.0,8.0,1.61,Bakery,Low
0.0,Frozen,55.27,21.0,33.0,12.24,Dairy,High
8.0,Frozen,88.29,19.0,97.0,44.92,Bakery,High
3.0,Refrigerated,70.99,9.0,61.0,39.84,Bakery,Medium
5.0,RoomTemp,37.88,10.0,79.0,39.91,Bakery,Medium
8.0,RoomTemp,31.03,18.0,4.0,22.78,Vegetables,Low
12.0,RoomTemp,,14.0,81.0,19.46,Vegetables,High
6.0,Refrigerated,68.08,,41.0,34.81,PreparedMeals,Low
12.0,Refrigerated,27.33,22.0,67.0,27.1,Fruits,Medium
1.0,Frozen,70.02,17.0,78.0,27.82,Vegetables,High
8.0,Frozen,65.18,21.0,90.0,24.78,Bakery,High
14.0,Refrigerated,57.85,0.0,70.0,34.43,,Medium
11.0,RoomTemp,30.93,12.0,15.0,36.61,Vegetables,Low
,RoomTemp,52.4,6.0,29.0,20.97,Dairy,High
3.0,Refrigerated,65.0,14.0,91.0,32.92,Meat,High
9.0,Frozen,21.84,5.0,46.0,35.32,Fruits,Low
7.0,Frozen,4.14,23.0,53.0,44.27,Fruits,Medium
14.0,Refrigerated,58.48,2.0,83.0,2.39,Dairy,High
9.0,Refrigerated,20.95,23.0,53.0,10.25,Fruits,Medium
7.0,RoomTemp,3.55,19.0,21.0,22.48,Dairy,Low
6.0,RoomTemp,3.97,11.0,53.0,40.16,Bakery,
0.0,Refrigerated,17.8,16.0,7.0,22.06,Bakery,High
5.0,Frozen,71.22,2.0,33.0,35.21,PreparedMeals,Medium
12.0,Refrigerated,6.38,5.0,82.0,26.16,Vegetables,
8.0,RoomTemp,75.37,9.0,92.0,,Bakery,High
12.0,RoomTemp,11.7,4.0,9.0,42.15,PreparedMeals,Low
12.0,Frozen,39.71,15.0,,23.06,Meat,Medium
4.0,RoomTemp,87.49,2.0,12.0,6.76,Meat,Medium
9.0,Refrigerated,28.09,15.0,15.0,19.56,Meat,Low
12.0,Refrigerated,28.34,6.0,26.0,19.47,Fruits,Low
9.0,Frozen,45.96,23.0,16.0,1.44,Vegetables,Low
13.0,RoomTemp,55.7,0.0,56.0,9.23,Vegetables,Medium
14.0,Frozen,89.9,6.0,,40.31,Dairy,Low
1.0,Frozen,99.78,12.0,46.0,3.69,Dairy,High
7.0,Refrigerated,24.51,18.0,90.0,5.84,Fruits,High
13.0,RoomTemp,28.75,23.0,32.0,11.76,PreparedMeals,Low
6.0,Refrigerated,3.76,16.0,86.0,46.43,Meat,High
5.0,Refrigerated,50.54,2.0,88.0,12.11,Fruits,High
2.0,Frozen,94.73,22.0,42.0,48.25,Bakery,High
,Frozen,84.17,21.0,36.0,15.27,Fruits,Low
10.0,Frozen,19.8,5.0,81.0,17.48,Fruits,High
14.0,Frozen,66.51,11.0,61.0,19.0,Fruits,Medium
0.0,Frozen,12.7,8.0,16.0,10.23,Meat,High
11.0,Refrigerated,58.14,16.0,21.0,35.54,Fruits,Low
5.0,Refrigerated,63.64,19.0,48.0,22.4,Vegetables,Medium
12.0,Refrigerated,86.74,5.0,9.0,37.59,Vegetables,Low
8.0,Frozen,1.15,17.0,13.0,1.62,Fruits,Low
4.0,Frozen,56.66,12.0,87.0,6.32,Meat,High
2.0,Refrigerated,94.65,21.0,56.0,,Fruits,High
6.0,Frozen,82.02,2.0,14.0,10.58,Fruits,Low
5.0,Refrigerated,16.24,3.0,30.0,22.85,Meat,Medium
2.0,RoomTemp,74.01,7.0,33.0,40.9,PreparedMeals,High
5.0,Refrigerated,83.62,,4.0,10.7,PreparedMeals,Medium
14.0,RoomTemp,80.34,12.0,85.0,,PreparedMeals,High
12.0,RoomTemp,84.43,8.0,82.0,45.66,Fruits,High
1.0,Refrigerated,84.62,7.0,31.0,21.51,Dairy,High
6.0,Frozen,43.21,0.0,73.0,16.49,Dairy,Medium
0.0,Frozen,,18.0,72.0,32.03,Vegetables,High
2.0,RoomTemp,93.69,20.0,77.0,,Dairy,High
9.0,RoomTemp,46.37,17.0,87.0,29.73,Bakery,High
13.0,Refrigerated,6.65,11.0,11.0,10.55,Fruits,Low
12.0,Frozen,6.64,11.0,38.0,24.31,Dairy,Low
11.0,Refrigerated,67.93,,55.0,38.6,Bakery,Medium
8.0,RoomTemp,39.9,1.0,88.0,32.98,Bakery,High
6.0,Refrigerated,32.26,20.0,91.0,25.4,Dairy,High
8.0,Refrigerated,59.36,14.0,99.0,42.12,Vegetables,High
3.0,RoomTemp,6.06,14.0,4.0,4.44,Dairy,Medium
11.0,RoomTemp,6.6,11.0,30.0,32.71,Bakery,Low
14.0,Refrigerated,9.19,22.0,84.0,46.09,PreparedMeals,High
12.0,RoomTemp,10.4,1.0,30.0,20.23,,Low
7.0,RoomTemp,22.55,4.0,57.0,12.62,Bakery,Medium
0.0,Refrigerated,97.0,11.0,14.0,0.68,Bakery,High
10.0,Refrigerated,69.12,3.0,42.0,31.94,Fruits,Low
4.0,Frozen,78.59,9.0,52.0,43.12,PreparedMeals,Medium
6.0,Frozen,20.15,3.0,7.0,12.04,PreparedMeals,Low
7.0,RoomTemp,14.52,6.0,57.0,19.62,PreparedMeals,Medium
,RoomTemp,78.73,17.0,28.0,2.96,Meat,High
9.0,Refrigerated,92.72,5.0,23.0,29.89,Meat,Low
11.0,RoomTemp,12.04,22.0,22.0,30.5,Fruits,Low
4.0,Refrigerated,68.28,2.0,64.0,33.87,PreparedMeals,Medium
14.0,Frozen,27.79,21.0,81.0,2.22,Fruits,High
0.0,Refrigerated,60.17,22.0,20.0,29.1,Vegetables,High
10.0,Refrigerated,6.71,22.0,28.0,24.61,Fruits,Low
8.0,Frozen,55.71,9.0,87.0,29.07,Meat,High
13.0,Refrigerated,32.83,12.0,41.0,37.61,PreparedMeals,Low
10.0,Frozen,38.41,14.0,36.0,23.78,Bakery,Low
10.0,Refrigerated,74.12,6.0,77.0,18.07,Fruits,Medium
8.0,RoomTemp,60.12,5.0,38.0,24.03,Vegetables,Low
3.0,RoomTemp,70.42,21.0,26.0,46.03,Bakery,Medium
6.0,Frozen,94.17,1.0,10.0,8.64,Meat,Low
4.0,Frozen,90.34,0.0,50.0,20.15,Dairy,Medium
0.0,RoomTemp,36.07,15.0,32.0,28.25,Vegetables,High
10.0,Frozen,34.87,18.0,22.0,3.06,Dairy,Low
9.0,Frozen,77.75,11.0,83.0,9.87,Vegetables,High
0.0,Frozen,50.26,7.0,14.0,1.13,Vegetables,High
7.0,Frozen,19.39,6.0,76.0,3.72,Meat,Medium
6.0,Refrigerated,88.15,0.0,8.0,34.02,PreparedMeals,Low
6.0,RoomTemp,72.55,12.0,89.0,45.42,Fruits,High
1.0,Frozen,69.4,18.0,17.0,24.29,,High
7.0,Frozen,96.84,9.0,47.0,40.25,Meat,Low
2.0,RoomTemp,22.03,6.0,83.0,40.65,Fruits,High
11.0,Frozen,94.53,2.0,47.0,46.91,Dairy,Low
3.0,RoomTemp,24.19,6.0,47.0,30.48,Dairy,Medium
2.0,Refrigerated,5.35,5.0,44.0,20.44,Dairy,High
7.0,Refrigerated,55.29,,64.0,35.75,Dairy,Medium
4.0,Frozen,28.97,1.0,75.0,45.73,Fruits,Medium
10.0,RoomTemp,58.12,8.0,87.0,15.89,Vegetables,High
0.0,RoomTemp,93.32,16.0,10.0,1.6,PreparedMeals,High
3.0,Refrigerated,25.84,13.0,61.0,33.03,Bakery,Medium
8.0,Refrigerated,5.97,16.0,76.0,1.59,Bakery,Medium
2.0,RoomTemp,85.4,15.0,2.0,14.38,PreparedMeals,High
1.0,Frozen,32.18,3.0,25.0,,Meat,High
4.0,Refrigerated,58.27,8.0,31.0,4.84,Vegetables,Medium
8.0,Refrigerated,12.75,18.0,10.0,4.96,Dairy,Low
4.0,Frozen,8.55,21.0,20.0,31.85,Bakery,Medium
12.0,Frozen,28.6,7.0,61.0,3.99,Bakery,Medium
6.0,Frozen,66.99,2.0,71.0,29.8,PreparedMeals,Medium
,Refrigerated,7.16,21.0,47.0,35.37,Bakery,Low
4.0,Frozen,87.86,3.0,45.0,40.18,Fruits,Medium
2.0,Frozen,89.67,5.0,84.0,1.24,Dairy,High
3.0,RoomTemp,80.76,23.0,56.0,44.31,Vegetables,Medium
4.0,Refrigerated,23.66,19.0,18.0,42.83,Bakery,Medium
7.0,Frozen,14.94,18.0,73.0,25.87,Vegetables,Medium
1.0,RoomTemp,5.98,20.0,30.0,19.31,Vegetables,High
13.0,RoomTemp,6.22,23.0,69.0,22.7,Dairy,Medium
1.0,Frozen,79.59,11.0,3.0,,Vegetables,High
10.0,Refrigerated,56.15,18.0,34.0,47.83,Dairy,Low
14.0,Frozen,95.27,9.0,73.0,19.99,Meat,Medium
10.0,Frozen,59.25,17.0,57.0,14.08,Vegetables,Medium
14.0,Refrigerated,99.14,22.0,34.0,13.79,Dairy,Low
10.0,RoomTemp,37.12,1.0,57.0,16.79,Meat,Medium
11.0,Refrigerated,14.98,5.0,11.0,20.67,PreparedMeals,Low
8.0,RoomTemp,83.78,19.0,53.0,27.41,Bakery,
1.0,Frozen,19.9,5.0,61.0,44.81,Vegetables,High
,Refrigerated,66.53,8.0,54.0,26.05,Dairy,Medium
12.0,Frozen,71.92,16.0,3.0,31.43,Meat,Low
8.0,Refrigerated,21.68,9.0,37.0,45.76,Bakery,Low
11.0,RoomTemp,74.17,20.0,87.0,17.22,PreparedMeals,High
13.0,RoomTemp,99.77,21.0,42.0,34.83,Vegetables,Low
12.0,Frozen,42.53,18.0,76.0,20.21,PreparedMeals,Medium
0.0,Refrigerated,92.99,16.0,59.0,24.41,Fruits,High
5.0,Frozen,92.96,21.0,99.0,26.19,Bakery,High
1.0,RoomTemp,99.2,4.0,22.0,21.97,Fruits,High
4.0,RoomTemp,72.13,13.0,70.0,4.17,Vegetables,Medium
11.0,Refrigerated,35.95,4.0,43.0,40.99,,Low
11.0,RoomTemp,75.0,9.0,21.0,43.15,Bakery,
3.0,Refrigerated,7.59,19.0,36.0,35.45,Vegetables,Medium
,RoomTemp,99.96,21.0,29.0,46.11,PreparedMeals,Medium
7.0,Refrigerated,25.84,22.0,77.0,17.45,Fruits,Medium
4.0,RoomTemp,89.02,22.0,89.0,32.23,Meat,High
6.0,RoomTemp,98.13,22.0,30.0,5.49,Fruits,Low
10.0,Frozen,97.41,2.0,72.0,19.69,Bakery,Medium
1.0,RoomTemp,73.51,3.0,26.0,18.04,Fruits,High
2.0,Frozen,24.26,1.0,44.0,0.56,Meat,High
0.0,Frozen,86.66,,95.0,10.87,Dairy,High
5.0,Refrigerated,11.43,15.0,9.0,5.21,Dairy,Medium
3.0,Refrigerated,80.74,2.0,69.0,43.13,Dairy,Medium
1.0,RoomTemp,62.74,11.0,62.0,18.2,Meat,High
0.0,,65.76,11.0,52.0,18.49,Vegetables,High
5.0,Frozen,39.17,17.0,98.0,,Fruits,High
10.0,Refrigerated,77.54,5.0,10.0,26.57,Bakery,Low
1.0,Frozen,40.13,16.0,53.0,14.46,PreparedMeals,High
8.0,RoomTemp,13.36,2.0,92.0,37.05,Meat,High
6.0,Frozen,27.14,1.0,92.0,30.12,Bakery,High
11.0,Frozen,31.98,0.0,38.0,26.63,Fruits,Low
13.0,Frozen,4.99,9.0,98.0,42.05,PreparedMeals,High
10.0,Refrigerated,90.94,0.0,18.0,1.71,Dairy,Low
11.0,RoomTemp,17.12,1.0,62.0,23.5,Dairy,Medium
1.0,RoomTemp,26.6,4.0,85.0,28.88,Vegetables,High
9.0,Refrigerated,30.36,21.0,10.0,49.47,Bakery,Low
5.0,Refrigerated,79.36,11.0,54.0,3.18,Fruits,Medium
10.0,Refrigerated,26.72,13.0,35.0,47.94,Fruits,Low
0.0,RoomTemp,22.79,19.0,46.0,49.61,Vegetables,High
14.0,RoomTemp,31.88,13.0,81.0,43.41,Fruits,High
6.0,Refrigerated,52.5,1.0,72.0,40.73,Bakery,Medium
9.0,RoomTemp,96.02,21.0,35.0,47.16,PreparedMeals,Low
14.0,Refrigerated,46.38,4.0,11.0,18.48,,Low
6.0,Refrigerated,4.06,3.0,38.0,37.51,Meat,Low
,Refrigerated,46.5,15.0,51.0,48.16,PreparedMeals,Medium
11.0,RoomTemp,56.21,6.0,98.0,24.45,Bakery,High
13.0,Frozen,99.72,15.0,78.0,13.82,Meat,Medium
13.0,Frozen,33.35,21.0,75.0,33.31,Meat,Medium
7.0,Refrigerated,2.9,10.0,88.0,21.03,PreparedMeals,High
9.0,RoomTemp,88.05,21.0,50.0,32.86,PreparedMeals,Low
0.0,RoomTemp,75.97,11.0,82.0,33.87,Fruits,High
2.0,Frozen,66.21,2.0,40.0,29.69,Fruits,High
5.0,Refrigerated,30.69,10.0,21.0,22.64,Vegetables,Medium
1.0,Frozen,,15.0,10.0,27.18,Bakery,High
11.0,RoomTemp,20.19,0.0,70.0,16.1,Dairy,Medium
8.0,Refrigerated,27.62,4.0,27.0,30.17,Fruits,Low
0.0,RoomTemp,39.28,15.0,86.0,14.11,Fruits,High
2.0,Frozen,95.82,5.0,57.0,17.94,Meat,High
13.0,Frozen,1.11,15.0,42.0,9.22,Fruits,Low
13.0,RoomTemp,42.0,2.0,28.0,28.46,Bakery,Low
1.0,RoomTemp,4.08,15.0,92.0,11.38,Meat,High
7.0,RoomTemp,48.21,6.0,28.0,34.78,Bakery,Low
3.0,Refrigerated,67.91,10.0,23.0,15.1,PreparedMeals,Medium
12.0,Frozen,24.91,21.0,77.0,17.13,Bakery,Medium
13.0,RoomTemp,28.25,17.0,5.0,13.23,PreparedMeals,Low
2.0,Refrigerated,77.63,15.0,2.0,32.15,Meat,High
11.0,Refrigerated,16.49,8.0,0.0,19.38,Meat,Low
14.0,Refrigerated,28.47,14.0,2.0,21.21,PreparedMeals,Low
7.0,Frozen,95.64,15.0,72.0,19.48,Meat,Medium
14.0,Frozen,5.91,10.0,16.0,3.95,Vegetables,Low
0.0,RoomTemp,92.18,11.0,11.0,22.76,Vegetables,High
9.0,Refrigerated,93.51,9.0,83.0,20.93,PreparedMeals,High
8.0,Frozen,88.44,22.0,26.0,43.12,PreparedMeals,Low
5.0,Frozen,11.22,7.0,55.0,42.99,Bakery,Medium
13.0,Frozen,39.56,14.0,96.0,13.62,Meat,High
2.0,RoomTemp,4.33,3.0,59.0,39.21,Fruits,High
11.0,Refrigerated,67.44,9.0,11.0,41.18,Meat,Low
6.0,RoomTemp,84.75,22.0,30.0,13.61,Meat,Low
,RoomTemp,76.43,14.0,40.0,7.96,Vegetables,Low
11.0,Frozen,94.23,1.0,11.0,20.18,PreparedMeals,Low
13.0,RoomTemp,35.05,6.0,87.0,37.31,Meat,High
11.0,RoomTemp,75.49,9.0,5.0,45.41,Bakery,Low
5.0,RoomTemp,60.55,5.0,84.0,29.75,PreparedMeals,High
7.0,Refrigerated,36.51,18.0,25.0,20.8,Dairy,Low
6.0,Refrigerated,40.96,11.0,49.0,8.65,PreparedMeals,Low
0.0,RoomTemp,54.88,20.0,39.0,4.83,Meat,High
8.0,Refrigerated,23.92,22.0,81.0,34.14,PreparedMeals,High
5.0,Frozen,30.29,8.0,10.0,,PreparedMeals,Medium
10.0,Frozen,84.84,7.0,60.0,47.38,Meat,Medium
1.0,Frozen,22.28,11.0,51.0,3.63,Vegetables,High
0.0,Frozen,93.11,6.0,40.0,43.74,PreparedMeals,High
11.0,Refrigerated,35.23,19.0,83.0,23.14,Vegetables,High
8.0,Refrigerated,68.54,1.0,34.0,33.11,Bakery,Low
2.0,Refrigerated,82.9,8.0,79.0,43.73,PreparedMeals,High
8.0,Frozen,98.37,19.0,59.0,23.0,Bakery,Medium
,Frozen,4.9,12.0,3.0,8.94,Dairy,Low
14.0,RoomTemp,33.2,20.0,72.0,6.28,Dairy,Medium
4.0,,4.86,0.0,46.0,18.14,PreparedMeals,Medium
4.0,,69.51,22.0,66.0,49.04,Vegetables,Medium
9.0,Frozen,57.69,4.0,4.0,11.08,Vegetables,Low
12.0,Frozen,55.52,23.0,13.0,47.86,Vegetables,Low
7.0,Refrigerated,1.53,4.0,9.0,6.13,PreparedMeals,Low
2.0,,16.84,1.0,53.0,40.93,Meat,High
3.0,Refrigerated,37.2,13.0,41.0,20.12,Meat,Medium
3.0,Frozen,17.14,18.0,52.0,7.83,Bakery,Medium
10.0,RoomTemp,,7.0,11.0,26.84,Meat,Low
10.0,RoomTemp,18.18,15.0,52.0,21.41,Bakery,Medium
13.0,RoomTemp,14.78,13.0,31.0,40.23,Fruits,Low
14.0,Refrigerated,51.05,7.0,82.0,39.86,Vegetables,High
14.0,RoomTemp,76.12,16.0,87.0,30.9,Meat,
2.0,Frozen,2.45,12.0,88.0,31.32,Vegetables,High
0.0,Frozen,1.89,14.0,19.0,35.85,,High
0.0,Frozen,2.6,12.0,79.0,27.09,Meat,High
9.0,Frozen,58.74,21.0,57.0,33.21,PreparedMeals,Medium
8.0,RoomTemp,6.56,17.0,90.0,31.42,Vegetables,High
5.0,Frozen,6.5,0.0,56.0,48.42,Bakery,Medium
1.0,Frozen,59.92,21.0,24.0,5.75,Meat,High
4.0,RoomTemp,62.65,6.0,82.0,39.47,Vegetables,High
0.0,RoomTemp,,12.0,29.0,23.36,Dairy,High
11.0,RoomTemp,39.05,2.0,2.0,8.85,PreparedMeals,Low
12.0,RoomTemp,74.13,16.0,95.0,46.15,Bakery,High
0.0,RoomTemp,91.92,21.0,4.0,32.42,,High
5.0,RoomTemp,49.13,15.0,25.0,35.29,Meat,Medium
10.0,Frozen,79.1,8.0,15.0,12.61,Bakery,Low
10.0,Frozen,68.83,23.0,39.0,23.05,Fruits,Low
10.0,RoomTemp,68.33,8.0,22.0,37.49,PreparedMeals,Low
3.0,RoomTemp,34.23,5.0,40.0,36.17,Vegetables,Medium
13.0,Frozen,7.19,20.0,61.0,6.45,Meat,Medium
13.0,Refrigerated,45.95,9.0,11.0,46.84,Vegetables,Low
3.0,Frozen,58.79,20.0,45.0,47.05,Meat,Medium
10.0,Frozen,34.9,10.0,6.0,43.97,Bakery,Low
5.0,Frozen,33.8,7.0,66.0,28.89,PreparedMeals,Medium
4.0,Refrigerated,35.7,20.0,51.0,6.95,Fruits,Medium
13.0,RoomTemp,49.4,11.0,80.0,45.59,Dairy,Medium
14.0,RoomTemp,85.54,22.0,97.0,12.61,Vegetables,
8.0,RoomTemp,42.07,8.0,43.0,30.97,Meat,Low
11.0,Frozen,28.13,18.0,42.0,40.62,Meat,Low
7.0,RoomTemp,59.17,1.0,95.0,5.14,Fruits,High
13.0,Frozen,7.21,9.0,82.0,23.09,Bakery,High
2.0,Frozen,39.78,4.0,76.0,29.46,Dairy,High
11.0,Refrigerated,36.14,0.0,92.0,36.62,,High
7.0,Frozen,47.04,21.0,61.0,37.24,PreparedMeals,Medium
14.0,Refrigerated,34.41,19.0,55.0,33.7,Dairy,Medium
4.0,Frozen,12.22,4.0,85.0,13.5,,High
8.0,Refrigerated,86.81,22.0,15.0,18.68,Fruits,Low
0.0,Refrigerated,42.35,4.0,21.0,6.19,Meat,High
3.0,Frozen,16.22,17.0,19.0,7.52,Bakery,Medium
2.0,RoomTemp,37.48,1.0,70.0,8.98,PreparedMeals,High
14.0,RoomTemp,16.79,,62.0,16.56,Bakery,Medium
13.0,Refrigerated,23.77,3.0,67.0,49.8,PreparedMeals,Medium
2.0,Refrigerated,78.97,13.0,56.0,13.17,Meat,High
11.0,Refrigerated,54.6,9.0,57.0,33.35,Dairy,Medium
4.0,RoomTemp,92.93,20.0,77.0,6.73,Vegetables,Medium
8.0,RoomTemp,42.54,17.0,3.0,38.72,Dairy,Low
9.0,RoomTemp,79.14,18.0,6.0,27.67,Meat,Low
13.0,Frozen,69.17,12.0,86.0,42.04,Dairy,High
3.0,Refrigerated,48.92,6.0,98.0,11.15,Fruits,High
8.0,Refrigerated,72.49,0.0,14.0,25.43,Dairy,Low
12.0,Frozen,17.03,3.0,34.0,6.66,Vegetables,Low
8.0,Frozen,51.99,12.0,77.0,24.72,Bakery,Medium
5.0,Refrigerated,62.84,0.0,26.0,26.46,Fruits,Medium
5.0,Refrigerated,68.06,2.0,35.0,42.44,PreparedMeals,Medium
6.0,Refrigerated,87.93,2.0,53.0,34.98,Vegetables,Medium
13.0,Refrigerated,44.96,21.0,73.0,12.72,PreparedMeals,Medium
5.0,RoomTemp,25.72,2.0,43.0,27.79,Fruits,Medium
14.0,Refrigerated,81.68,1.0,35.0,8.11,Vegetables,Low
12.0,RoomTemp,7.08,5.0,47.0,32.63,Fruits,Low
8.0,Refrigerated,50.5,17.0,40.0,35.97,PreparedMeals,Low
11.0,Refrigerated,,18.0,64.0,3.96,Meat,Medium
3.0,RoomTemp,30.43,12.0,8.0,31.26,Dairy,Medium
2.0,Frozen,73.76,12.0,5.0,12.05,PreparedMeals,High
13.0,Refrigerated,18.94,0.0,5.0,28.07,Meat,Low
2.0,RoomTemp,,19.0,53.0,6.26,Bakery,High
2.0,RoomTemp,95.2,10.0,26.0,27.35,Vegetables,High
13.0,RoomTemp,63.03,14.0,66.0,45.45,Meat,Medium
11.0,RoomTemp,15.58,12.0,17.0,6.78,Dairy,Low
13.0,Refrigerated,58.43,1.0,45.0,41.91,Meat,Low
,RoomTemp,21.9,4.0,90.0,20.44,Meat,High
14.0,Refrigerated,23.75,18.0,38.0,14.83,Bakery,Low
11.0,Refrigerated,7.78,,64.0,30.39,Bakery,Medium
6.0,RoomTemp,52.73,8.0,24.0,47.35,Fruits,Low
0.0,RoomTemp,13.66,17.0,13.0,41.73,Meat,High
11.0,Frozen,63.96,18.0,23.0,16.8,Vegetables,Low
9.0,RoomTemp,43.97,20.0,5.0,2.93,Vegetables,Low
4.0,Frozen,39.39,1.0,47.0,20.01,PreparedMeals,Medium
3.0,RoomTemp,39.55,21.0,37.0,22.36,Dairy,Medium
11.0,Frozen,68.75,19.0,29.0,15.41,Dairy,Low
14.0,Refrigerated,61.57,9.0,23.0,13.88,Dairy,Low
2.0,Refrigerated,8.98,17.0,13.0,45.67,Dairy,High
10.0,Refrigerated,5.45,13.0,1.0,21.69,Bakery,Low
9.0,Frozen,87.71,0.0,98.0,4.09,Bakery,High
12.0,Refrigerated,88.37,13.0,45.0,5.68,PreparedMeals,Low
0.0,Frozen,82.06,22.0,9.0,27.15,Dairy,High
12.0,Frozen,7.94,22.0,23.0,11.4,PreparedMeals,Low
8.0,Refrigerated,72.55,4.0,,20.94,Meat,Medium
1.0,Frozen,54.89,14.0,79.0,17.64,Bakery,
4.0,RoomTemp,84.64,19.0,13.0,45.47,Meat,Medium
5.0,Refrigerated,67.02,21.0,32.0,32.91,Bakery,Medium
6.0,Refrigerated,96.39,18.0,50.0,48.92,Vegetables,Low
9.0,Refrigerated,80.48,12.0,9.0,30.67,Fruits,Low
,Refrigerated,26.69,15.0,90.0,14.27,Fruits,High
1.0,Refrigerated,56.78,23.0,75.0,11.77,Meat,High
6.0,Refrigerated,42.23,11.0,37.0,3.0,Bakery,Low
12.0,RoomTemp,54.59,0.0,48.0,17.35,PreparedMeals,Low
11.0,RoomTemp,84.58,17.0,55.0,36.8,Dairy,Medium
8.0,Refrigerated,77.76,11.0,24.0,6.99,Vegetables,Low
9.0,RoomTemp,57.21,23.0,56.0,10.76,Dairy,Medium
14.0,Refrigerated,78.54,17.0,76.0,24.38,PreparedMeals,Medium
2.0,Refrigerated,8.11,21.0,52.0,19.31,Vegetables,High
,Refrigerated,89.52,4.0,8.0,2.4,Dairy,High
5.0,RoomTemp,69.95,19.0,1.0,41.13,Vegetables,Medium
9.0,RoomTemp,83.03,22.0,24.0,29.28,Fruits,Low
,Frozen,16.29,23.0,56.0,11.2,Dairy,Medium
0.0,Frozen,,7.0,19.0,18.16,PreparedMeals,High
12.0,Frozen,36.35,4.0,76.0,28.09,Bakery,Medium
14.0,Frozen,41.27,13.0,10.0,7.89,Dairy,Low
2.0,RoomTemp,69.22,0.0,64.0,11.78,Fruits,High
8.0,Refrigerated,48.97,20.0,39.0,16.39,Bakery,Low
11.0,Refrigerated,50.76,16.0,3.0,33.14,Dairy,Low
3.0,Frozen,84.89,11.0,22.0,38.64,Dairy,Medium
9.0,RoomTemp,23.45,6.0,32.0,33.25,Fruits,Low
2.0,RoomTemp,89.3,3.0,22.0,7.01,Dairy,High
6.0,Frozen,,23.0,90.0,5.67,PreparedMeals,High
10.0,Refrigerated,71.23,9.0,9.0,43.12,Vegetables,Low
6.0,Refrigerated,92.16,0.0,43.0,36.93,,Low
8.0,Refrigerated,34.85,22.0,52.0,13.78,Dairy,Medium
14.0,,91.15,6.0,10.0,4.74,PreparedMeals,Low
4.0,RoomTemp,76.3,15.0,69.0,33.64,Vegetables,Medium
4.0,Refrigerated,61.07,22.0,69.0,5.26,Bakery,Medium
5.0,Frozen,44.97,,22.0,20.86,Meat,Medium
1.0,Refrigerated,72.62,9.0,66.0,38.22,Meat,High
14.0,RoomTemp,89.36,15.0,49.0,25.88,Meat,Low
9.0,RoomTemp,78.41,7.0,7.0,13.4,Fruits,Low
14.0,Refrigerated,54.91,3.0,98.0,42.1,Fruits,High
1.0,RoomTemp,7.87,18.0,15.0,21.62,Meat,High
6.0,RoomTemp,46.96,6.0,32.0,44.09,Meat,Low
8.0,Refrigerated,26.67,17.0,3.0,1.51,PreparedMeals,Low
2.0,Frozen,62.45,22.0,99.0,30.25,Vegetables,High
8.0,Refrigerated,84.99,23.0,55.0,39.46,Vegetables,Medium
14.0,Frozen,81.92,20.0,48.0,9.4,Fruits,Low
1.0,Frozen,58.59,16.0,72.0,5.2,Bakery,High
0.0,RoomTemp,78.95,3.0,33.0,33.29,Dairy,High
14.0,Frozen,75.67,7.0,93.0,7.14,Dairy,High
14.0,Frozen,9.38,6.0,87.0,6.29,Bakery,High
6.0,Frozen,27.49,12.0,70.0,3.15,Dairy,Medium
11.0,RoomTemp,45.32,0.0,89.0,24.27,Dairy,High
14.0,Refrigerated,,18.0,39.0,44.3,Bakery,Low
3.0,Refrigerated,42.42,12.0,14.0,16.62,Dairy,Medium
,Frozen,40.74,10.0,3.0,16.98,Fruits,Medium
6.0,Refrigerated,23.39,5.0,22.0,30.53,Vegetables,Low
4.0,RoomTemp,11.0,9.0,98.0,14.52,Meat,High
1.0,,65.98,3.0,86.0,28.47,Bakery,High
0.0,,80.5,0.0,76.0,13.99,Fruits,High
0.0,Frozen,66.2,12.0,43.0,7.06,PreparedMeals,High
13.0,Frozen,66.98,8.0,84.0,15.48,Bakery,High
0.0,Frozen,40.8,14.0,77.0,6.62,Fruits,High
14.0,RoomTemp,72.78,15.0,9.0,3.09,Fruits,Low
14.0,Frozen,21.95,,99.0,35.4,Meat,High
8.0,RoomTemp,76.79,,78.0,6.69,Dairy,Medium
1.0,RoomTemp,57.04,23.0,2.0,1.06,Fruits,High
1.0,RoomTemp,40.37,2.0,82.0,19.96,Vegetables,High
9.0,Refrigerated,80.5,10.0,72.0,43.24,Bakery,Medium
12.0,Frozen,57.59,6.0,87.0,42.73,Bakery,High
0.0,Frozen,68.08,18.0,33.0,24.63,PreparedMeals,High
6.0,RoomTemp,50.39,22.0,84.0,9.5,Fruits,High
4.0,Refrigerated,16.33,13.0,82.0,3.15,Fruits,High
13.0,Frozen,82.81,14.0,78.0,15.52,Bakery,Medium
6.0,RoomTemp,12.92,14.0,38.0,45.52,Bakery,Low
7.0,RoomTemp,23.97,9.0,85.0,44.76,Dairy,High
13.0,RoomTemp,22.9,19.0,42.0,10.35,Bakery,Low
6.0,Refrigerated,79.66,7.0,66.0,20.84,PreparedMeals,Medium
7.0,Frozen,89.19,9.0,84.0,47.23,Vegetables,
3.0,RoomTemp,34.19,4.0,55.0,15.61,Dairy,Medium
10.0,,30.99,9.0,44.0,11.12,PreparedMeals,Low
10.0,Frozen,12.54,9.0,89.0,8.24,Dairy,High
0.0,RoomTemp,41.02,17.0,51.0,36.26,PreparedMeals,High
4.0,Refrigerated,11.48,17.0,54.0,13.01,PreparedMeals,Medium
14.0,Refrigerated,1.99,16.0,70.0,47.04,PreparedMeals,Medium
7.0,RoomTemp,84.52,10.0,75.0,49.36,Vegetables,Medium
9.0,RoomTemp,37.88,11.0,26.0,41.35,Bakery,Low
6.0,Refrigerated,74.55,12.0,74.0,10.83,,Medium
5.0,Frozen,72.74,1.0,54.0,29.65,Dairy,Medium
2.0,Refrigerated,17.41,6.0,16.0,29.65,Dairy,High
4.0,RoomTemp,49.76,12.0,62.0,27.37,Vegetables,Medium
14.0,Refrigerated,95.33,16.0,66.0,32.79,PreparedMeals,Medium
5.0,Refrigerated,7.8,4.0,92.0,20.04,Bakery,High
10.0,Frozen,23.91,,42.0,0.65,Fruits,Low
1.0,Frozen,7.18,12.0,44.0,45.96,Bakery,High
5.0,Frozen,47.16,16.0,57.0,16.98,Fruits,Medium
0.0,Refrigerated,4.23,21.0,1.0,32.87,Vegetables,High
3.0,RoomTemp,92.15,11.0,70.0,39.74,Bakery,Medium
2.0,RoomTemp,28.32,19.0,76.0,26.92,Vegetables,High
7.0,Refrigerated,48.17,2.0,75.0,5.29,Bakery,Medium
6.0,Frozen,49.62,9.0,99.0,14.49,Bakery,High
5.0,Frozen,66.29,22.0,75.0,34.16,PreparedMeals,Medium
14.0,Frozen,,6.0,67.0,18.45,Fruits,Medium
8.0,RoomTemp,79.8,4.0,15.0,36.8,PreparedMeals,Low
7.0,RoomTemp,27.93,2.0,8.0,35.77,PreparedMeals,Low
9.0,Frozen,21.42,23.0,26.0,7.25,Vegetables,Low
9.0,Refrigerated,,0.0,51.0,7.13,Meat,Medium
14.0,RoomTemp,94.5,6.0,99.0,22.3,Vegetables,High
7.0,RoomTemp,52.95,16.0,38.0,4.01,Dairy,Low
13.0,RoomTemp,98.96,23.0,23.0,32.09,Dairy,Low
5.0,Frozen,39.82,14.0,24.0,17.11,PreparedMeals,Medium
4.0,Frozen,60.64,16.0,71.0,19.71,Dairy,Medium
3.0,RoomTemp,38.62,20.0,55.0,8.64,Meat,Medium
9.0,Frozen,95.1,21.0,48.0,29.88,Dairy,Low
9.0,Refrigerated,3.49,21.0,83.0,29.25,Fruits,High
14.0,RoomTemp,78.13,1.0,95.0,36.77,,High
11.0,RoomTemp,32.07,4.0,69.0,27.65,PreparedMeals,Medium
8.0,Refrigerated,6.72,19.0,81.0,8.34,PreparedMeals,High
4.0,Frozen,43.48,8.0,20.0,35.64,Dairy,Medium
3.0,RoomTemp,17.82,19.0,70.0,46.63,Dairy,Medium
6.0,Refrigerated,6.61,23.0,13.0,21.2,Dairy,Low
2.0,RoomTemp,66.02,17.0,17.0,37.79,Vegetables,High
3.0,Refrigerated,17.9,22.0,96.0,20.94,Bakery,High
11.0,Frozen,48.91,20.0,68.0,6.5,PreparedMeals,Medium
7.0,Frozen,73.29,20.0,30.0,,Dairy,Low
12.0,Refrigerated,63.61,1.0,55.0,8.61,Vegetables,Medium
2.0,Frozen,38.1,11.0,84.0,9.05,Bakery,High
2.0,Refrigerated,10.92,9.0,89.0,,PreparedMeals,High
2.0,RoomTemp,8.16,5.0,88.0,41.23,Vegetables,High
4.0,Frozen,5.45,6.0,24.0,14.34,PreparedMeals,Medium
2.0,Frozen,64.41,3.0,65.0,49.59,Vegetables,High
0.0,RoomTemp,13.42,15.0,85.0,43.74,PreparedMeals,High
5.0,Refrigerated,80.55,11.0,7.0,16.17,Vegetables,Medium
2.0,Refrigerated,67.46,10.0,38.0,11.46,,High
10.0,,18.54,20.0,95.0,25.95,PreparedMeals,High
0.0,RoomTemp,26.05,23.0,13.0,27.93,Bakery,High
10.0,Refrigerated,92.98,10.0,37.0,49.0,Meat,Low
,Frozen,39.04,19.0,43.0,4.39,Bakery,Low
0.0,RoomTemp,37.74,23.0,17.0,8.61,PreparedMeals,High
4.0,,10.28,9.0,60.0,27.63,PreparedMeals,Medium
7.0,Frozen,29.55,21.0,13.0,22.56,Meat,Low
14.0,Refrigerated,43.69,12.0,2.0,12.45,Dairy,Low
12.0,Frozen,64.91,4.0,64.0,24.09,Vegetables,Medium
4.0,Frozen,45.49,22.0,45.0,11.79,Dairy,Medium
7.0,Frozen,30.04,18.0,66.0,48.36,PreparedMeals,Medium
0.0,RoomTemp,41.71,22.0,46.0,22.68,Meat,High
1.0,RoomTemp,93.34,10.0,33.0,40.6,Bakery,High
1.0,RoomTemp,17.58,19.0,83.0,0.51,Vegetables,High
0.0,RoomTemp,97.75,2.0,14.0,23.12,Dairy,High
9.0,RoomTemp,57.52,14.0,33.0,46.88,Fruits,Low
7.0,Refrigerated,97.86,4.0,33.0,16.31,Bakery,Low
10.0,Refrigerated,70.02,13.0,98.0,33.27,Meat,High
10.0,RoomTemp,,0.0,48.0,6.92,Bakery,Low
3.0,RoomTemp,82.54,14.0,,43.19,Meat,Medium
8.0,Refrigerated,94.95,20.0,19.0,29.12,Fruits,Low
2.0,RoomTemp,12.92,17.0,93.0,22.23,Fruits,High
0.0,Frozen,25.42,12.0,11.0,23.39,Dairy,High
3.0,Frozen,42.84,17.0,76.0,3.29,Fruits,Medium
12.0,Frozen,95.19,22.0,98.0,2.4,Fruits,High
13.0,Frozen,89.13,22.0,98.0,43.81,Bakery,High
11.0,Refrigerated,19.97,2.0,30.0,30.4,Dairy,Low
3.0,Frozen,89.15,5.0,1.0,36.32,Dairy,Medium
2.0,RoomTemp,83.98,9.0,96.0,3.92,Fruits,High
14.0,Refrigerated,87.53,10.0,20.0,17.82,Dairy,Low
9.0,RoomTemp,83.95,23.0,57.0,36.11,Vegetables,Medium
2.0,Frozen,81.88,11.0,60.0,20.71,Vegetables,High
4.0,Refrigerated,27.81,3.0,13.0,46.58,Bakery,Medium
,RoomTemp,46.51,6.0,43.0,6.49,Fruits,Low
6.0,RoomTemp,32.85,23.0,31.0,18.7,Vegetables,Low
3.0,Frozen,91.81,15.0,47.0,34.73,Meat,Medium
9.0,Frozen,33.35,17.0,94.0,36.49,Fruits,High
1.0,Refrigerated,66.44,18.0,90.0,11.62,Meat,High
7.0,Frozen,32.08,6.0,94.0,8.04,Meat,High
0.0,RoomTemp,65.2,0.0,75.0,14.23,Dairy,High
1.0,Refrigerated,22.57,22.0,19.0,12.98,Meat,High
4.0,Refrigerated,1.63,17.0,,34.56,PreparedMeals,Medium
9.0,RoomTemp,8.04,3.0,73.0,20.48,Vegetables,Medium
1.0,Frozen,8.34,20.0,91.0,13.26,Fruits,High
1.0,Frozen,87.83,7.0,56.0,21.92,PreparedMeals,High
6.0,Refrigerated,48.16,4.0,95.0,33.54,Bakery,High
11.0,RoomTemp,70.68,14.0,25.0,2.78,Fruits,Low
8.0,Frozen,16.98,3.0,50.0,21.21,PreparedMeals,Low
11.0,RoomTemp,53.81,18.0,5.0,9.54,Dairy,Low
9.0,Frozen,66.64,16.0,18.0,14.62,Meat,Low
6.0,Frozen,34.11,20.0,59.0,17.71,PreparedMeals,Medium
4.0,RoomTemp,7.66,6.0,76.0,34.52,Meat,Medium
2.0,Frozen,96.84,11.0,53.0,42.51,PreparedMeals,High
5.0,Frozen,91.73,0.0,41.0,25.94,Bakery,Medium
4.0,Frozen,7.98,16.0,25.0,1.77,Dairy,Medium
5.0,Refrigerated,9.27,18.0,,0.97,Meat,Medium
7.0,RoomTemp,7.66,12.0,30.0,47.98,Vegetables,Low
3.0,RoomTemp,50.65,8.0,77.0,39.4,Vegetables,Medium
11.0,Frozen,73.54,15.0,85.0,37.35,Vegetables,High
14.0,Refrigerated,55.34,20.0,8.0,9.35,Vegetables,Low
13.0,Refrigerated,27.82,16.0,29.0,36.58,PreparedMeals,Low
6.0,RoomTemp,67.71,2.0,98.0,40.63,PreparedMeals,High
2.0,Refrigerated,75.12,20.0,86.0,6.07,,High
2.0,RoomTemp,25.41,12.0,,28.89,Dairy,High
2.0,RoomTemp,48.26,12.0,10.0,46.27,Meat,High
13.0,RoomTemp,47.76,19.0,71.0,9.93,Meat,Medium
2.0,Refrigerated,44.38,22.0,51.0,33.03,Fruits,High
6.0,Refrigerated,53.63,20.0,82.0,10.74,Bakery,High
7.0,RoomTemp,71.46,2.0,10.0,1.72,Meat,Low
9.0,Refrigerated,97.49,22.0,19.0,20.95,Meat,Low
12.0,Refrigerated,,6.0,3.0,41.97,Dairy,Low
12.0,Frozen,8.03,14.0,43.0,26.73,Dairy,Low
8.0,Frozen,24.15,6.0,32.0,45.77,Meat,Low
14.0,RoomTemp,85.65,8.0,79.0,22.25,PreparedMeals,Medium
7.0,Frozen,76.77,20.0,12.0,25.15,Meat,Low
9.0,RoomTemp,97.33,8.0,44.0,46.71,Meat,Low
0.0,Refrigerated,64.0,16.0,11.0,14.11,Fruits,High
8.0,RoomTemp,78.4,2.0,25.0,26.83,Fruits,Low
5.0,Refrigerated,36.42,10.0,89.0,25.32,Dairy,High
14.0,Refrigerated,80.59,18.0,97.0,25.49,Vegetables,High
9.0,Refrigerated,84.85,10.0,68.0,21.09,Fruits,Medium
3.0,Frozen,17.65,2.0,74.0,32.68,Bakery,Medium
12.0,RoomTemp,54.49,22.0,76.0,,Meat,Medium
3.0,Refrigerated,34.79,5.0,0.0,13.56,Bakery,Medium
10.0,Frozen,51.09,15.0,19.0,24.35,Dairy,Low
5.0,Refrigerated,40.39,16.0,72.0,1.03,Dairy,Medium
5.0,Refrigerated,32.25,20.0,21.0,16.38,Vegetables,Medium
4.0,Refrigerated,85.94,11.0,27.0,13.24,Dairy,Medium
2.0,Refrigerated,78.55,21.0,44.0,21.61,Meat,High
13.0,RoomTemp,85.1,22.0,72.0,9.81,Vegetables,Medium
11.0,Refrigerated,26.06,2.0,91.0,4.08,Bakery,High
12.0,Refrigerated,44.81,7.0,27.0,37.54,Bakery,Low
13.0,RoomTemp,69.01,4.0,4.0,47.4,Fruits,Low
1.0,RoomTemp,40.67,21.0,7.0,25.53,PreparedMeals,High
0.0,RoomTemp,48.37,13.0,46.0,21.03,Bakery,
8.0,Refrigerated,74.31,20.0,8.0,31.5,Meat,Low
14.0,RoomTemp,66.52,8.0,29.0,7.51,Dairy,Low
4.0,,48.37,1.0,3.0,1.1,Dairy,Medium
8.0,RoomTemp,12.64,21.0,18.0,13.05,PreparedMeals,Low
11.0,Refrigerated,1.98,19.0,12.0,24.89,PreparedMeals,Low
10.0,Refrigerated,46.39,7.0,16.0,30.39,PreparedMeals,Low
8.0,Frozen,61.75,19.0,46.0,46.71,Vegetables,Low
7.0,Refrigerated,17.28,11.0,78.0,6.1,PreparedMeals,
6.0,Frozen,80.89,7.0,69.0,30.41,PreparedMeals,Medium
12.0,RoomTemp,39.08,1.0,93.0,,PreparedMeals,High
2.0,Frozen,40.12,22.0,17.0,25.13,Dairy,High
11.0,Frozen,72.62,15.0,78.0,44.66,Dairy,Medium
0.0,RoomTemp,70.67,18.0,54.0,35.42,PreparedMeals,High
6.0,Refrigerated,4.86,15.0,78.0,42.01,Vegetables,Medium
12.0,Frozen,59.28,15.0,61.0,4.75,Meat,Medium
3.0,RoomTemp,42.44,11.0,48.0,19.13,Meat,Medium
2.0,Frozen,50.81,18.0,51.0,38.68,Bakery,High
9.0,RoomTemp,63.51,19.0,75.0,41.5,Fruits,Medium
2.0,Frozen,49.47,7.0,22.0,16.18,Dairy,High
9.0,RoomTemp,15.58,6.0,64.0,22.97,PreparedMeals,Medium
12.0,Refrigerated,21.82,6.0,97.0,2.26,PreparedMeals,High
11.0,Frozen,8.69,20.0,81.0,11.34,Fruits,High
5.0,Frozen,12.52,11.0,19.0,34.89,Vegetables,Medium
12.0,RoomTemp,13.57,4.0,82.0,45.72,Fruits,High
3.0,Refrigerated,32.44,14.0,83.0,11.14,Vegetables,High
2.0,Frozen,75.07,,4.0,18.5,PreparedMeals,High
1.0,Refrigerated,34.38,0.0,5.0,21.35,PreparedMeals,High
8.0,RoomTemp,26.07,22.0,34.0,2.08,Meat,Low
14.0,RoomTemp,57.96,5.0,7.0,7.61,Fruits,Low
12.0,RoomTemp,36.68,18.0,95.0,34.02,Bakery,High
13.0,RoomTemp,47.07,14.0,24.0,48.16,Dairy,Low
12.0,Refrigerated,74.35,19.0,38.0,7.8,Vegetables,Low
10.0,Frozen,35.53,17.0,43.0,5.65,Bakery,Low
2.0,Refrigerated,89.12,19.0,77.0,10.26,Dairy,High
1.0,RoomTemp,12.05,22.0,92.0,26.27,Fruits,High
9.0,Refrigerated,10.14,1.0,66.0,43.28,Bakery,Medium
1.0,Refrigerated,98.08,0.0,35.0,30.5,Fruits,High
13.0,Frozen,96.64,3.0,27.0,43.51,PreparedMeals,Low
12.0,Frozen,40.79,18.0,69.0,16.03,Bakery,Medium
9.0,RoomTemp,31.67,18.0,13.0,49.87,PreparedMeals,Low
8.0,Refrigerated,11.34,17.0,41.0,48.79,Fruits,Low
14.0,Frozen,95.79,9.0,45.0,16.56,Vegetables,Low
9.0,RoomTemp,43.92,9.0,80.0,49.84,Bakery,Medium
11.0,Refrigerated,39.85,13.0,75.0,4.22,Dairy,Medium
10.0,Refrigerated,90.53,18.0,39.0,27.95,Dairy,Low
3.0,Refrigerated,96.96,8.0,75.0,46.05,Vegetables,Medium
,RoomTemp,15.9,22.0,98.0,31.16,Vegetables,High
3.0,RoomTemp,9.61,11.0,74.0,28.36,Meat,Medium
13.0,Frozen,61.9,3.0,91.0,39.78,Vegetables,High
7.0,Refrigerated,46.33,15.0,55.0,17.84,Vegetables,Medium
0.0,RoomTemp,98.14,9.0,65.0,28.28,Dairy,High
,RoomTemp,66.29,3.0,74.0,44.0,Meat,High
8.0,Refrigerated,3.17,9.0,52.0,19.88,PreparedMeals,Medium
13.0,RoomTemp,66.21,15.0,69.0,19.71,Bakery,Medium
6.0,RoomTemp,38.72,8.0,25.0,29.59,Vegetables,Low
7.0,Frozen,38.9,20.0,21.0,7.94,Vegetables,Low
14.0,Refrigerated,65.3,6.0,43.0,35.52,Fruits,Low
5.0,Frozen,84.96,7.0,25.0,5.48,Dairy,Medium
6.0,Refrigerated,1.38,17.0,41.0,13.73,Vegetables,Low
10.0,,51.04,8.0,20.0,43.35,Fruits,Low
11.0,RoomTemp,66.16,2.0,76.0,1.26,Meat,Medium
8.0,Refrigerated,60.75,5.0,17.0,39.18,Meat,Low
14.0,RoomTemp,27.55,7.0,40.0,34.53,Fruits,Low
6.0,RoomTemp,90.7,23.0,48.0,19.23,Fruits,Low
6.0,Refrigerated,67.55,22.0,77.0,41.49,Vegetables,Medium
4.0,RoomTemp,80.64,7.0,59.0,2.04,Bakery,Medium
12.0,Frozen,47.34,6.0,67.0,,Fruits,Medium
3.0,Frozen,22.6,17.0,80.0,44.94,Bakery,Medium
13.0,Refrigerated,58.97,4.0,16.0,42.36,Vegetables,Low
6.0,Refrigerated,8.77,1.0,69.0,25.26,Meat,Medium
7.0,Frozen,51.48,22.0,96.0,9.58,Dairy,High
4.0,Frozen,77.51,14.0,12.0,32.57,Fruits,Medium
9.0,Frozen,41.05,0.0,82.0,48.58,Fruits,High
6.0,Frozen,90.13,5.0,73.0,43.35,Meat,Medium
0.0,Frozen,84.49,13.0,24.0,19.66,Vegetables,High
12.0,RoomTemp,15.5,16.0,41.0,28.0,PreparedMeals,Low
2.0,,13.88,5.0,70.0,,Dairy,High
5.0,Refrigerated,11.43,15.0,9.0,5.21,Dairy,Medium
3.0,Refrigerated,82.65,17.0,91.0,10.22,Bakery,High
6.0,RoomTemp,30.36,10.0,74.0,48.9,Fruits,Medium
8.0,Refrigerated,55.72,23.0,58.0,44.79,PreparedMeals,Medium
5.0,,23.21,1.0,68.0,11.47,Meat,Medium
11.0,RoomTemp,24.8,21.0,83.0,13.76,Vegetables,High
11.0,Frozen,90.29,9.0,32.0,29.48,Meat,Low
4.0,RoomTemp,82.28,13.0,64.0,11.73,Fruits,Medium
7.0,Frozen,2.64,14.0,85.0,40.25,Bakery,High
6.0,Frozen,40.92,6.0,42.0,40.61,Bakery,Low
4.0,Refrigerated,90.28,13.0,38.0,20.31,Meat,Medium
2.0,RoomTemp,12.42,16.0,71.0,39.62,Vegetables,
8.0,Refrigerated,43.57,3.0,26.0,8.35,PreparedMeals,Low
9.0,Refrigerated,11.44,7.0,44.0,20.4,Meat,Low
11.0,Refrigerated,92.78,,4.0,19.21,Dairy,Low
,RoomTemp,36.89,1.0,70.0,11.79,Meat,Medium
1.0,RoomTemp,29.17,16.0,27.0,6.76,Bakery,High
7.0,Frozen,75.95,7.0,84.0,23.65,Bakery,High
,Frozen,96.89,5.0,54.0,35.96,Vegetables,Medium
2.0,Refrigerated,61.78,5.0,74.0,7.11,PreparedMeals,High
4.0,Refrigerated,71.69,23.0,14.0,22.64,PreparedMeals,Medium
6.0,Frozen,30.51,8.0,17.0,45.33,Bakery,Low
8.0,Refrigerated,40.12,13.0,25.0,32.26,PreparedMeals,Low
14.0,Frozen,97.12,0.0,80.0,24.4,PreparedMeals,Medium
11.0,Refrigerated,98.12,22.0,74.0,32.87,PreparedMeals,Medium
0.0,RoomTemp,78.26,,40.0,35.29,PreparedMeals,High
8.0,RoomTemp,6.18,23.0,45.0,16.37,Meat,Low
1.0,Frozen,70.96,1.0,27.0,28.29,Meat,High
9.0,Frozen,33.34,5.0,53.0,28.64,Vegetables,Medium
14.0,Frozen,8.49,18.0,10.0,10.9,Bakery,Low
6.0,Frozen,54.29,23.0,56.0,23.44,Vegetables,Medium
6.0,RoomTemp,82.43,9.0,7.0,24.58,Meat,Low
8.0,RoomTemp,55.11,0.0,99.0,4.4,Meat,High
12.0,Frozen,37.97,18.0,59.0,40.28,Dairy,Medium
0.0,RoomTemp,23.4,17.0,49.0,0.96,Dairy,High
0.0,Refrigerated,62.32,12.0,33.0,27.04,,High
5.0,Frozen,67.12,11.0,80.0,1.9,Bakery,Medium
0.0,Refrigerated,9.9,9.0,75.0,44.51,Fruits,High
7.0,Frozen,83.46,17.0,93.0,8.92,Fruits,High
10.0,Refrigerated,44.84,19.0,90.0,25.0,Fruits,High
11.0,Frozen,,18.0,36.0,10.09,Dairy,Low
6.0,Refrigerated,17.92,,0.0,43.97,Meat,Low
3.0,Frozen,82.48,15.0,23.0,0.54,Bakery,Medium
8.0,RoomTemp,43.7,21.0,41.0,15.81,Dairy,Low
13.0,RoomTemp,51.19,21.0,48.0,48.09,Fruits,Low
11.0,RoomTemp,62.43,23.0,9.0,38.58,PreparedMeals,Low
9.0,Frozen,69.65,1.0,53.0,33.57,PreparedMeals,Medium
2.0,RoomTemp,52.62,22.0,30.0,11.23,Bakery,High
0.0,RoomTemp,20.27,14.0,11.0,10.66,Meat,High
9.0,Refrigerated,58.79,17.0,67.0,20.53,Dairy,Medium
14.0,Frozen,33.11,10.0,63.0,7.23,Bakery,Medium
9.0,Frozen,7.14,3.0,14.0,32.61,Vegetables,Low
14.0,RoomTemp,92.71,0.0,29.0,40.32,Fruits,Low
2.0,Frozen,56.23,15.0,13.0,19.11,PreparedMeals,High
11.0,Frozen,15.78,4.0,,20.7,Meat,High
10.0,RoomTemp,41.25,11.0,49.0,44.23,Dairy,Low
